City,month_year,PM2.5,PM10,NO,NO2,CO,latitude,longitude
Ahmedabad,2015-01,330.73,0.0,692.92,832.25,692.92,23.0216238,72.5797068
Ahmedabad,2015-02,2902.54,0.0,545.5,782.88,545.5,23.0216238,72.5797068
Ahmedabad,2015-03,3314.08,0.0,421.15,838.12,421.15,23.0216238,72.5797068
Ahmedabad,2015-04,3050.46,0.0,219.19,622.62,219.19,23.0216238,72.5797068
Ahmedabad,2015-05,2322.5,0.0,264.42,537.1,264.42,23.0216238,72.5797068
Ahmedabad,2015-06,1469.21,0.0,237.05,416.84,237.05,23.0216238,72.5797068
Ahmedabad,2015-07,1625.01,0.0,181.38,232.43,181.38,23.0216238,72.5797068
Ahmedabad,2015-08,1267.28,0.0,338.17,538.99,338.17,23.0216238,72.5797068
Ahmedabad,2015-09,1227.03,0.0,332.65,458.74,332.65,23.0216238,72.5797068
Ahmedabad,2015-10,3402.89,0.0,662.45,974.14,662.45,23.0216238,72.5797068
Ahmedabad,2015-11,1202.52,0.0,250.0,269.65,250.0,23.0216238,72.5797068
Ahmedabad,2015-12,0.0,0.0,0.0,0.0,0.0,23.0216238,72.5797068
Ahmedabad,2016-01,0.0,0.0,0.0,0.0,0.0,23.0216238,72.5797068
Ahmedabad,2016-02,0.0,0.0,0.0,0.0,0.0,23.0216238,72.5797068
Ahmedabad,2016-03,0.0,0.0,0.0,0.0,0.0,23.0216238,72.5797068
Ahmedabad,2016-04,0.0,0.0,0.0,0.0,0.0,23.0216238,72.5797068
Ahmedabad,2016-05,0.0,0.0,0.0,0.0,0.0,23.0216238,72.5797068
Ahmedabad,2016-06,131.9,0.0,42.36,104.84,42.36,23.0216238,72.5797068
Ahmedabad,2016-07,1157.56,0.0,590.95,664.88,590.95,23.0216238,72.5797068
Ahmedabad,2016-08,1458.35,0.0,504.36,468.78,504.36,23.0216238,72.5797068
Ahmedabad,2016-09,1034.75,0.0,273.75,224.57,273.75,23.0216238,72.5797068
Ahmedabad,2016-10,3267.98,0.0,406.55,353.67,406.55,23.0216238,72.5797068
Ahmedabad,2016-11,762.11,0.0,43.17,53.62,43.17,23.0216238,72.5797068
Ahmedabad,2016-12,0.0,0.0,0.0,0.0,0.0,23.0216238,72.5797068
Ahmedabad,2017-01,0.0,0.0,0.0,0.0,0.0,23.0216238,72.5797068
Ahmedabad,2017-02,0.0,0.0,0.0,0.0,0.0,23.0216238,72.5797068
Ahmedabad,2017-03,0.0,0.0,0.0,0.0,0.0,23.0216238,72.5797068
Ahmedabad,2017-04,0.0,0.0,0.0,0.0,0.0,23.0216238,72.5797068
Ahmedabad,2017-05,0.0,0.0,0.0,0.0,0.0,23.0216238,72.5797068
Ahmedabad,2017-06,0.0,0.0,0.0,0.0,0.0,23.0216238,72.5797068
Ahmedabad,2017-07,0.0,0.0,0.0,0.0,0.0,23.0216238,72.5797068
Ahmedabad,2017-08,0.0,0.0,0.0,0.0,0.0,23.0216238,72.5797068
Ahmedabad,2017-09,0.0,0.0,0.0,0.0,0.0,23.0216238,72.5797068
Ahmedabad,2017-10,1206.29,0.0,482.0,241.24,482.0,23.0216238,72.5797068
Ahmedabad,2017-11,2971.44,0.0,1057.73,2573.38,1057.73,23.0216238,72.5797068
Ahmedabad,2017-12,2301.4900000000002,0.0,460.61,2283.53,460.61,23.0216238,72.5797068
Ahmedabad,2018-01,2754.39,0.0,1025.3,4391.05,1025.3,23.0216238,72.5797068
Ahmedabad,2018-02,2759.36,0.0,1541.43,4204.76,1541.43,23.0216238,72.5797068
Ahmedabad,2018-03,3035.4,0.0,1069.78,3555.59,1069.78,23.0216238,72.5797068
Ahmedabad,2018-04,2451.95,0.0,678.56,1851.38,678.56,23.0216238,72.5797068
Ahmedabad,2018-05,1660.1100000000001,0.0,380.79,1034.66,380.79,23.0216238,72.5797068
Ahmedabad,2018-06,1704.63,0.0,877.01,1372.37,877.01,23.0216238,72.5797068
Ahmedabad,2018-07,1784.7,0.0,858.14,1851.87,858.14,23.0216238,72.5797068
Ahmedabad,2018-08,1302.22,0.0,853.25,1693.8799999999999,853.25,23.0216238,72.5797068
Ahmedabad,2018-09,762.67,0.0,899.2,2463.48,899.2,23.0216238,72.5797068
Ahmedabad,2018-10,2982.55,0.0,1174.89,3097.37,1174.89,23.0216238,72.5797068
Ahmedabad,2018-11,3064.51,0.0,1623.55,2774.3,1623.55,23.0216238,72.5797068
Ahmedabad,2018-12,2849.54,0.0,1085.82,2541.6,1085.82,23.0216238,72.5797068
Ahmedabad,2019-01,2773.15,0.0,1306.96,2565.6,1306.96,23.0216238,72.5797068
Ahmedabad,2019-02,1725.34,0.0,720.67,2021.37,720.67,23.0216238,72.5797068
Ahmedabad,2019-03,2076.66,0.0,837.41,2314.85,837.41,23.0216238,72.5797068
Ahmedabad,2019-04,2712.91,0.0,771.52,1979.69,771.52,23.0216238,72.5797068
Ahmedabad,2019-05,1482.35,2455.38,482.07,2160.37,482.07,23.0216238,72.5797068
Ahmedabad,2019-06,1300.49,3524.96,619.01,4007.0099999999998,619.01,23.0216238,72.5797068
Ahmedabad,2019-07,1355.33,3393.41,930.59,3461.68,930.59,23.0216238,72.5797068
Ahmedabad,2019-08,1347.28,4256.33,1023.35,1493.6,1023.35,23.0216238,72.5797068
Ahmedabad,2019-09,1277.94,2332.74,761.3,2477.9,761.3,23.0216238,72.5797068
Ahmedabad,2019-10,2420.02,4548.7,962.82,4749.1,962.82,23.0216238,72.5797068
Ahmedabad,2019-11,1854.11,3357.01,603.5600000000001,4257.32,603.5600000000001,23.0216238,72.5797068
Ahmedabad,2019-12,1974.95,3404.67,362.79,1213.13,362.79,23.0216238,72.5797068
Ahmedabad,2020-01,1680.56,3520.59,492.56,607.28,492.56,23.0216238,72.5797068
Ahmedabad,2020-02,2142.83,4202.33,778.23,1818.73,778.23,23.0216238,72.5797068
Ahmedabad,2020-03,1402.93,3349.5299999999997,257.47,1051.44,257.47,23.0216238,72.5797068
Ahmedabad,2020-04,931.67,2442.78,113.5,692.72,47.24,23.0216238,72.5797068
Ahmedabad,2020-05,815.44,2380.91,106.25,597.9,18.12,23.0216238,72.5797068
Ahmedabad,2020-06,877.32,3466.36,190.67000000000002,885.41,20.74,23.0216238,72.5797068
Ahmedabad,2020-07,37.63,0.0,4.42,35.04,0.28,23.0216238,72.5797068
Aizawl,2020-03,817.82,996.97,85.76,17.23,9.629999999999999,23.7435236,92.7382905
Aizawl,2020-04,629.24,823.04,240.84,8.7,8.8,23.7435236,92.7382905
Aizawl,2020-05,356.18,503.1,363.62,11.04,8.53,23.7435236,92.7382905
Aizawl,2020-06,93.7,287.02,361.45,6.86,5.07,23.7435236,92.7382905
Aizawl,2020-07,4.49,5.39,11.44,0.07,0.02,23.7435236,92.7382905
Amaravati,2017-11,526.29,838.42,23.53,169.44,0.8400000000000001,16.5096679,80.5184535
Amaravati,2017-12,2665.94,4447.46,170.5,1237.65,4.71,16.5096679,80.5184535
Amaravati,2018-01,2422.67,4250.96,169.05,1287.09,2.15,16.5096679,80.5184535
Amaravati,2018-02,1322.1,3025.8,153.34,655.3100000000001,16.1,16.5096679,80.5184535
Amaravati,2018-03,1165.56,2466.79,187.31,496.21999999999997,21.91,16.5096679,80.5184535
Amaravati,2018-04,528.88,1483.1100000000001,114.77,217.6,17.330000000000002,16.5096679,80.5184535
Amaravati,2018-05,645.02,1604.13,106.32000000000001,314.71999999999997,13.47,16.5096679,80.5184535
Amaravati,2018-06,657.54,1729.46,111.27,353.1,18.74,16.5096679,80.5184535
Amaravati,2018-07,507.14,1526.6,151.1,380.7,14.08,16.5096679,80.5184535
Amaravati,2018-08,475.8,1344.32,145.17000000000002,440.3,26.12,16.5096679,80.5184535
Amaravati,2018-09,729.94,1782.97,196.62,594.61,30.47,16.5096679,80.5184535
Amaravati,2018-10,1216.34,2970.37,200.16,773.88,27.169999999999998,16.5096679,80.5184535
Amaravati,2018-11,1420.5,3115.05,318.83,1797.58,32.11,16.5096679,80.5184535
Amaravati,2018-12,2357.99,3933.03,177.57,2108.18,33.33,16.5096679,80.5184535
Amaravati,2019-01,2888.22,4751.26,306.24,2308.66,28.85,16.5096679,80.5184535
Amaravati,2019-02,1461.43,2925.78,266.22,885.6700000000001,21.28,16.5096679,80.5184535
Amaravati,2019-03,829.23,2161.83,117.48,367.93,16.32,16.5096679,80.5184535
Amaravati,2019-04,609.91,1771.45,71.3,353.83,16.03,16.5096679,80.5184535
Amaravati,2019-05,1198.19,3282.52,49.51,661.38,19.37,16.5096679,80.5184535
Amaravati,2019-06,630.57,1638.38,75.13,756.58,14.88,16.5096679,80.5184535
Amaravati,2019-07,399.61,910.16,132.27,492.33,13.93,16.5096679,80.5184535
Amaravati,2019-08,259.33,620.02,78.28,178.49,9.55,16.5096679,80.5184535
Amaravati,2019-09,0.0,0.0,0.0,0.0,0.0,16.5096679,80.5184535
Amaravati,2019-10,422.52,828.62,99.1,293.63,15.19,16.5096679,80.5184535
Amaravati,2019-11,1779.84,2894.54,97.56,492.90999999999997,24.330000000000002,16.5096679,80.5184535
Amaravati,2019-12,1876.98,2913.31,88.18,520.28,23.09,16.5096679,80.5184535
Amaravati,2020-01,1469.91,2277.4,72.59,436.16,20.63,16.5096679,80.5184535
Amaravati,2020-02,1007.53,1773.46,71.99,399.89,16.26,16.5096679,80.5184535
Amaravati,2020-03,700.24,1275.1,62.16,217.58,15.87,16.5096679,80.5184535
Amaravati,2020-04,526.34,1156.54,42.12,143.94,0.25,16.5096679,80.5184535
Amaravati,2020-05,605.48,1720.54,50.22,213.15,5.13,16.5096679,80.5184535
Amaravati,2020-06,364.67,966.99,67.33,311.0,16.15,16.5096679,80.5184535
Amaravati,2020-07,22.0,34.0,1.5,9.68,0.59,16.5096679,80.5184535
Amritsar,2017-02,25.869999999999997,28.72,32.5,16.91,1.48,31.6343083,74.8736788
Amritsar,2017-03,1515.85,2155.4900000000002,340.53,621.76,3.87,31.6343083,74.8736788
Amritsar,2017-04,881.0,1157.06,362.5,587.56,0.0,31.6343083,74.8736788
Amritsar,2017-05,4039.0099999999998,2652.04,395.35,477.93,0.0,31.6343083,74.8736788
Amritsar,2017-06,1236.6100000000001,2789.57,644.05,445.31,0.0,31.6343083,74.8736788
Amritsar,2017-07,1319.28,2658.24,930.6,585.96,0.0,31.6343083,74.8736788
Amritsar,2017-08,790.83,2911.08,266.09,288.74,15.4,31.6343083,74.8736788
Amritsar,2017-09,1619.24,5352.84,309.84,486.81,24.52,31.6343083,74.8736788
Amritsar,2017-10,2672.85,5702.79,309.99,599.33,17.85,31.6343083,74.8736788
Amritsar,2017-11,3742.67,7405.07,1578.22,964.85,53.88,31.6343083,74.8736788
Amritsar,2017-12,2978.9,5962.89,811.48,796.18,55.2,31.6343083,74.8736788
Amritsar,2018-01,1779.12,3549.76,441.94,1526.56,29.41,31.6343083,74.8736788
Amritsar,2018-02,1332.54,3626.55,691.74,886.64,18.0,31.6343083,74.8736788
Amritsar,2018-03,1273.42,3675.59,377.02,294.68,24.4,31.6343083,74.8736788
Amritsar,2018-04,1320.42,3738.4700000000003,0.0,569.97,21.58,31.6343083,74.8736788
Amritsar,2018-05,2128.36,4301.84,188.31,276.87,23.08,31.6343083,74.8736788
Amritsar,2018-06,1838.48,6533.38,464.56,539.76,16.91,31.6343083,74.8736788
Amritsar,2018-07,852.76,1778.93,337.42,286.0,5.74,31.6343083,74.8736788
Amritsar,2018-08,19.92,1630.96,363.55,300.33,2.45,31.6343083,74.8736788
Amritsar,2018-09,0.0,1660.49,396.13,304.9,0.08,31.6343083,74.8736788
Amritsar,2018-10,550.86,4405.45,638.28,667.34,0.16,31.6343083,74.8736788
Amritsar,2018-11,1762.31,4324.38,763.12,993.78,2.35,31.6343083,74.8736788
Amritsar,2018-12,1925.35,4319.14,925.64,1034.88,0.28,31.6343083,74.8736788
Amritsar,2019-01,1287.68,2761.63,685.57,790.05,0.32,31.6343083,74.8736788
Amritsar,2019-02,1304.93,2609.2999999999997,388.78,454.61,1.76,31.6343083,74.8736788
Amritsar,2019-03,1587.7,2742.24,432.3,473.25,17.61,31.6343083,74.8736788
Amritsar,2019-04,1553.77,3238.39,643.96,814.98,24.2,31.6343083,74.8736788
Amritsar,2019-05,1565.45,3210.73,967.1899999999999,819.62,28.79,31.6343083,74.8736788
Amritsar,2019-06,1242.15,3274.03,528.44,322.74,21.09,31.6343083,74.8736788
Amritsar,2019-07,1072.8799999999999,2296.03,543.45,409.41,11.7,31.6343083,74.8736788
Amritsar,2019-08,877.91,1656.22,357.34000000000003,289.2,12.23,31.6343083,74.8736788
Amritsar,2019-09,1091.94,1989.91,431.53,328.76,24.849999999999998,31.6343083,74.8736788
Amritsar,2019-10,2209.98,3765.83,444.05,363.58,13.6,31.6343083,74.8736788
Amritsar,2019-11,2533.16,4811.4,469.42,325.44,17.67,31.6343083,74.8736788
Amritsar,2019-12,2122.75,3068.53,349.64,370.65,19.54,31.6343083,74.8736788
Amritsar,2020-01,1586.61,2678.9,301.66,314.26,19.17,31.6343083,74.8736788
Amritsar,2020-02,1514.91,3344.87,554.07,429.73,18.240000000000002,31.6343083,74.8736788
Amritsar,2020-03,863.33,2635.92,555.57,358.71,22.81,31.6343083,74.8736788
Amritsar,2020-04,463.13,1387.2,525.41,364.8,18.19,31.6343083,74.8736788
Amritsar,2020-05,1051.26,2373.4,656.13,478.36,22.05,31.6343083,74.8736788
Amritsar,2020-06,1034.03,3138.36,688.92,524.22,20.19,31.6343083,74.8736788
Amritsar,2020-07,57.67,100.99,32.81,15.11,0.59,31.6343083,74.8736788
Bengaluru,2015-01,0.0,0.0,410.5,587.66,143.21,12.9767936,77.590082
Bengaluru,2015-02,0.0,0.0,251.89,674.3,65.79,12.9767936,77.590082
Bengaluru,2015-03,560.0600000000001,0.0,223.12,680.24,338.21999999999997,12.9767936,77.590082
Bengaluru,2015-04,859.98,0.0,116.83,266.46,107.13,12.9767936,77.590082
Bengaluru,2015-05,1040.02,0.0,180.96,691.18,164.79,12.9767936,77.590082
Bengaluru,2015-06,549.1,0.0,81.59,404.78,96.16,12.9767936,77.590082
Bengaluru,2015-07,651.65,0.0,127.77,314.04,295.95,12.9767936,77.590082
Bengaluru,2015-08,654.81,0.0,131.57,432.07,436.28,12.9767936,77.590082
Bengaluru,2015-09,606.88,0.0,148.26,474.36,179.15,12.9767936,77.590082
Bengaluru,2015-10,974.18,0.0,164.13,870.54,68.34,12.9767936,77.590082
Bengaluru,2015-11,892.41,1144.29,164.31,528.1,45.01,12.9767936,77.590082
Bengaluru,2015-12,1426.33,2222.66,501.35,1348.4,49.06,12.9767936,77.590082
Bengaluru,2016-01,2104.73,3392.27,940.26,1725.9,29.84,12.9767936,77.590082
Bengaluru,2016-02,2024.32,4349.64,285.3,1235.85,44.84,12.9767936,77.590082
Bengaluru,2016-03,1956.01,4907.5,292.85,1047.69,30.08,12.9767936,77.590082
Bengaluru,2016-04,1220.01,4514.23,254.19,707.08,32.47,12.9767936,77.590082
Bengaluru,2016-05,990.94,1531.34,244.7,612.76,19.74,12.9767936,77.590082
Bengaluru,2016-06,420.93,1116.94,123.21,435.07,37.379999999999995,12.9767936,77.590082
Bengaluru,2016-07,644.88,1451.44,281.15,552.6899999999999,55.550000000000004,12.9767936,77.590082
Bengaluru,2016-08,832.97,1433.79,217.91,487.88,113.67,12.9767936,77.590082
Bengaluru,2016-09,888.72,2113.19,168.2,818.92,16.18,12.9767936,77.590082
Bengaluru,2016-10,1464.32,3971.86,385.32,1033.54,28.78,12.9767936,77.590082
Bengaluru,2016-11,1482.16,3642.85,305.71000000000004,1028.89,29.38,12.9767936,77.590082
Bengaluru,2016-12,1280.66,3931.72,299.59,1176.58,29.16,12.9767936,77.590082
Bengaluru,2017-01,1019.88,3247.32,262.87,1327.05,66.0,12.9767936,77.590082
Bengaluru,2017-02,1079.19,2487.57,268.87,1487.24,103.22,12.9767936,77.590082
Bengaluru,2017-03,1149.28,2775.32,250.21,1033.66,11.870000000000001,12.9767936,77.590082
Bengaluru,2017-04,1076.6299999999999,2639.8,179.03,951.24,14.41,12.9767936,77.590082
Bengaluru,2017-05,916.97,2041.31,206.44,982.85,12.56,12.9767936,77.590082
Bengaluru,2017-06,711.66,2415.26,233.97,933.65,18.57,12.9767936,77.590082
Bengaluru,2017-07,958.73,3058.62,523.86,1030.17,25.38,12.9767936,77.590082
Bengaluru,2017-08,645.55,2464.76,347.0,869.55,34.99,12.9767936,77.590082
Bengaluru,2017-09,776.88,2462.48,384.86,939.46,18.56,12.9767936,77.590082
Bengaluru,2017-10,1228.62,2904.07,383.8,1005.21,25.23,12.9767936,77.590082
Bengaluru,2017-11,1140.21,1785.53,334.71,1077.34,25.14,12.9767936,77.590082
Bengaluru,2017-12,1938.67,2218.51,390.07,1629.03,27.740000000000002,12.9767936,77.590082
Bengaluru,2018-01,1188.52,3109.78,207.23,1239.86,32.26,12.9767936,77.590082
Bengaluru,2018-02,836.82,2077.13,159.81,844.15,28.0,12.9767936,77.590082
Bengaluru,2018-03,899.26,3033.3,191.53,924.35,33.49,12.9767936,77.590082
Bengaluru,2018-04,771.31,1961.1299999999999,162.77,836.17,26.99,12.9767936,77.590082
Bengaluru,2018-05,1397.9,882.91,224.7,948.28,28.19,12.9767936,77.590082
Bengaluru,2018-06,763.87,1492.96,292.49,573.8,30.16,12.9767936,77.590082
Bengaluru,2018-07,611.56,1737.53,422.48,549.4,25.79,12.9767936,77.590082
Bengaluru,2018-08,592.7,1834.85,611.77,554.96,25.25,12.9767936,77.590082
Bengaluru,2018-09,752.95,2078.51,503.45,883.58,25.95,12.9767936,77.590082
Bengaluru,2018-10,1141.84,2923.7799999999997,517.79,1034.41,27.57,12.9767936,77.590082
Bengaluru,2018-11,1355.24,2741.28,438.55,945.59,31.7,12.9767936,77.590082
Bengaluru,2018-12,1746.8100000000002,3304.61,451.28,1062.63,29.82,12.9767936,77.590082
Bengaluru,2019-01,1696.46,3171.47,372.79,1248.1299999999999,29.73,12.9767936,77.590082
Bengaluru,2019-02,1275.24,2729.56,365.67,1001.19,25.98,12.9767936,77.590082
Bengaluru,2019-03,1516.06,3404.4,321.21,1043.95,29.41,12.9767936,77.590082
Bengaluru,2019-04,1478.02,2970.48,272.71,990.87,30.48,12.9767936,77.590082
Bengaluru,2019-05,1245.22,2735.84,269.77,839.29,29.21,12.9767936,77.590082
Bengaluru,2019-06,699.58,1638.81,205.42,636.03,22.2,12.9767936,77.590082
Bengaluru,2019-07,661.15,1663.86,197.14,667.73,22.92,12.9767936,77.590082
Bengaluru,2019-08,532.18,1395.78,272.6,639.23,23.5,12.9767936,77.590082
Bengaluru,2019-09,675.37,1561.46,242.89000000000001,625.04,25.46,12.9767936,77.590082
Bengaluru,2019-10,849.9399999999999,1679.77,396.79,875.54,27.14,12.9767936,77.590082
Bengaluru,2019-11,1207.8,2423.19,413.55,916.47,32.21,12.9767936,77.590082
Bengaluru,2019-12,1093.02,2224.73,294.36,873.9300000000001,30.9,12.9767936,77.590082
Bengaluru,2020-01,1218.71,2588.35,268.25,1063.34,33.99,12.9767936,77.590082
Bengaluru,2020-02,1206.61,2678.7,202.34,930.78,30.93,12.9767936,77.590082
Bengaluru,2020-03,1183.99,2478.96,148.52,662.29,29.24,12.9767936,77.590082
Bengaluru,2020-04,747.95,1405.89,86.6,359.43,21.72,12.9767936,77.590082
Bengaluru,2020-05,659.36,1852.52,114.91,477.06,24.18,12.9767936,77.590082
Bengaluru,2020-06,541.06,1231.8899999999999,146.82,411.90999999999997,18.85,12.9767936,77.590082
Bengaluru,2020-07,17.5,30.48,3.95,13.25,0.54,12.9767936,77.590082
Bhopal,2019-09,207.67000000000002,563.24,169.56,369.52,14.62,23.2584857,77.401989
Bhopal,2019-10,1611.13,4103.82,360.11,1225.0,34.26,23.2584857,77.401989
Bhopal,2019-11,2687.73,5705.91,405.55,1515.77,41.4,23.2584857,77.401989
Bhopal,2019-12,2626.05,4824.7,226.15,1633.11,34.65,23.2584857,77.401989
Bhopal,2020-01,2251.08,4415.73,317.97,1324.16,33.05,23.2584857,77.401989
Bhopal,2020-02,1486.26,4029.45,221.23,1202.79,27.74,23.2584857,77.401989
Bhopal,2020-03,917.22,3077.87,86.39,649.71,18.03,23.2584857,77.401989
Bhopal,2020-04,1045.03,2629.34,82.47,266.95,14.41,23.2584857,77.401989
Bhopal,2020-05,677.23,2605.33,37.64,267.83,11.86,23.2584857,77.401989
Bhopal,2020-06,493.28000000000003,1425.42,62.25,316.73,16.14,23.2584857,77.401989
Bhopal,2020-07,14.0,30.0,1.1,5.12,0.35,23.2584857,77.401989
Brajrajnagar,2017-12,1332.52,2118.79,0.18,236.88,55.36,21.8498594,83.9254698
Brajrajnagar,2018-01,0.0,0.0,0.05,0.15,8.040000000000001,21.8498594,83.9254698
Brajrajnagar,2018-02,2616.48,5419.83,467.85,711.7,110.9,21.8498594,83.9254698
Brajrajnagar,2018-03,3802.53,7342.0199999999995,508.56,909.53,131.8,21.8498594,83.9254698
Brajrajnagar,2018-04,1874.16,4229.29,308.18,567.87,106.17999999999999,21.8498594,83.9254698
Brajrajnagar,2018-05,1684.72,3568.03,161.79,506.96,96.74,21.8498594,83.9254698
Brajrajnagar,2018-06,1245.28,1461.42,122.37,316.52,69.03,21.8498594,83.9254698
Brajrajnagar,2018-07,987.37,1662.94,169.98,290.7,45.21,21.8498594,83.9254698
Brajrajnagar,2018-08,1090.01,1775.69,220.37,239.69,2.2800000000000002,21.8498594,83.9254698
Brajrajnagar,2018-09,0.0,0.0,0.0,0.0,0.0,21.8498594,83.9254698
Brajrajnagar,2018-10,118.59,1742.37,222.96,251.07,6.43,21.8498594,83.9254698
Brajrajnagar,2018-11,1320.69,2015.29,316.99,339.21,10.12,21.8498594,83.9254698
Brajrajnagar,2018-12,2507.2799999999997,4058.78,585.29,556.83,46.39,21.8498594,83.9254698
Brajrajnagar,2019-01,3452.42,5468.32,656.13,804.33,95.44,21.8498594,83.9254698
Brajrajnagar,2019-02,2562.41,4546.74,574.14,657.8,90.69,21.8498594,83.9254698
Brajrajnagar,2019-03,2625.49,4843.32,529.39,624.37,89.63,21.8498594,83.9254698
Brajrajnagar,2019-04,1382.57,2896.45,384.65999999999997,392.2,43.44,21.8498594,83.9254698
Brajrajnagar,2019-05,1616.41,3710.39,309.83,355.94,37.73,21.8498594,83.9254698
Brajrajnagar,2019-06,909.97,1954.1399999999999,234.68,429.95,51.04,21.8498594,83.9254698
Brajrajnagar,2019-07,638.05,1373.68,163.29,345.59,47.49,21.8498594,83.9254698
Brajrajnagar,2019-08,690.3,1220.83,217.41,269.14,51.03,21.8498594,83.9254698
Brajrajnagar,2019-09,716.14,1463.47,169.0,258.76,48.15,21.8498594,83.9254698
Brajrajnagar,2019-10,1113.6,2309.28,203.75,254.6,52.16,21.8498594,83.9254698
Brajrajnagar,2019-11,2198.7,4769.09,494.08,353.93,27.21,21.8498594,83.9254698
Brajrajnagar,2019-12,2103.5,4220.52,653.94,514.57,22.96,21.8498594,83.9254698
Brajrajnagar,2020-01,2056.65,3880.64,713.23,531.18,32.35,21.8498594,83.9254698
Brajrajnagar,2020-02,1976.79,4178.86,442.75,579.18,5.5,21.8498594,83.9254698
Brajrajnagar,2020-03,1158.33,2521.96,283.49,185.85,4.2,21.8498594,83.9254698
Brajrajnagar,2020-04,1892.56,4215.02,866.84,0.0,10.3,21.8498594,83.9254698
Brajrajnagar,2020-05,1088.22,2147.89,1713.57,104.22,8.63,21.8498594,83.9254698
Brajrajnagar,2020-06,1473.64,3911.24,330.01,41.739999999999995,10.61,21.8498594,83.9254698
Brajrajnagar,2020-07,0.0,0.0,0.0,0.0,0.0,21.8498594,83.9254698
Chandigarh,2019-09,372.78,2363.9900000000002,299.04,128.7,19.04,30.72984395,76.78414567016054
Chandigarh,2019-10,2033.06,3773.32,468.03000000000003,225.5,23.22,30.72984395,76.78414567016054
Chandigarh,2019-11,2290.93,3908.34,395.61,450.78999999999996,24.63,30.72984395,76.78414567016054
Chandigarh,2019-12,2121.39,3688.55,627.13,424.66,23.97,30.72984395,76.78414567016054
Chandigarh,2020-01,1406.21,2915.75,576.73,410.71000000000004,23.03,30.72984395,76.78414567016054
Chandigarh,2020-02,1227.34,2732.4,355.13,499.68,20.59,30.72984395,76.78414567016054
Chandigarh,2020-03,608.72,1653.74,223.46,414.27,16.69,30.72984395,76.78414567016054
Chandigarh,2020-04,430.48,1176.22,65.78,348.4,14.92,30.72984395,76.78414567016054
Chandigarh,2020-05,656.02,2068.3,85.47,300.33,16.55,30.72984395,76.78414567016054
Chandigarh,2020-06,706.81,1686.6,53.49,270.41,8.959999999999999,30.72984395,76.78414567016054
Chandigarh,2020-07,32.9,72.38,0.56,9.87,0.33,30.72984395,76.78414567016054
Chennai,2015-01,0.0,0.0,830.33,921.01,41.02,13.0836939,80.270186
Chennai,2015-02,0.0,0.0,308.0,401.33,56.55,13.0836939,80.270186
Chennai,2015-03,1300.8400000000001,0.0,587.4300000000001,975.66,104.13,13.0836939,80.270186
Chennai,2015-04,2320.85,0.0,659.9,899.6999999999999,121.87,13.0836939,80.270186
Chennai,2015-05,2527.47,0.0,450.63,730.11,122.46,13.0836939,80.270186
Chennai,2015-06,2087.01,0.0,149.25,468.28000000000003,62.37,13.0836939,80.270186
Chennai,2015-07,1866.5,0.0,208.14,597.53,100.47,13.0836939,80.270186
Chennai,2015-08,1664.05,0.0,274.73,477.63,52.410000000000004,13.0836939,80.270186
Chennai,2015-09,1063.62,0.0,320.7,404.94,56.34,13.0836939,80.270186
Chennai,2015-10,1517.96,0.0,427.54,430.3,56.11,13.0836939,80.270186
Chennai,2015-11,1191.89,0.0,210.15,367.09,46.11,13.0836939,80.270186
Chennai,2015-12,1523.15,0.0,213.79,315.65999999999997,44.07,13.0836939,80.270186
Chennai,2016-01,1733.2,0.0,215.19,486.82,43.56,13.0836939,80.270186
Chennai,2016-02,2104.36,0.0,244.43,361.5,39.61,13.0836939,80.270186
Chennai,2016-03,2191.31,0.0,179.54,312.64,32.63,13.0836939,80.270186
Chennai,2016-04,1778.29,0.0,186.53,368.46,26.85,13.0836939,80.270186
Chennai,2016-05,1753.05,0.0,157.49,513.35,38.92,13.0836939,80.270186
Chennai,2016-06,873.38,0.0,121.16,253.04999999999998,27.79,13.0836939,80.270186
Chennai,2016-07,1233.72,0.0,207.38,424.89,37.339999999999996,13.0836939,80.270186
Chennai,2016-08,1087.02,0.0,198.08,390.04,52.28,13.0836939,80.270186
Chennai,2016-09,959.5899999999999,0.0,245.07999999999998,591.86,82.59,13.0836939,80.270186
Chennai,2016-10,1956.67,0.0,211.16,751.8100000000001,4.89,13.0836939,80.270186
Chennai,2016-11,2108.82,0.0,149.48,719.22,2.01,13.0836939,80.270186
Chennai,2016-12,841.65,0.0,79.61,364.56,1.36,13.0836939,80.270186
Chennai,2017-01,2146.16,0.0,179.21,428.6,1.28,13.0836939,80.270186
Chennai,2017-02,1752.28,0.0,204.67,409.49,1.73,13.0836939,80.270186
Chennai,2017-03,1871.85,0.0,117.68,349.45,1.02,13.0836939,80.270186
Chennai,2017-04,1706.77,0.0,92.2,317.49,1.26,13.0836939,80.270186
Chennai,2017-05,1778.27,0.0,138.16,435.59000000000003,3.57,13.0836939,80.270186
Chennai,2017-06,1362.5,0.0,215.4,359.33,1.04,13.0836939,80.270186
Chennai,2017-07,1673.47,0.0,249.01,439.73,1.73,13.0836939,80.270186
Chennai,2017-08,1180.73,0.0,158.63,313.65,10.46,13.0836939,80.270186
Chennai,2017-09,1209.51,0.0,210.26,371.01,7.5200000000000005,13.0836939,80.270186
Chennai,2017-10,1557.55,0.0,305.27,590.16,18.5,13.0836939,80.270186
Chennai,2017-11,1304.03,0.0,303.33,705.1,23.56,13.0836939,80.270186
Chennai,2017-12,1726.68,0.0,324.22,720.72,8.95,13.0836939,80.270186
Chennai,2018-01,2355.69,0.0,344.71,559.73,18.82,13.0836939,80.270186
Chennai,2018-02,1597.16,0.0,310.24,487.14,23.7,13.0836939,80.270186
Chennai,2018-03,1615.01,0.0,313.53000000000003,509.09,29.03,13.0836939,80.270186
Chennai,2018-04,1012.25,0.0,485.3,681.41,24.72,13.0836939,80.270186
Chennai,2018-05,1215.35,0.0,491.01,1044.56,29.47,13.0836939,80.270186
Chennai,2018-06,1607.0,0.0,301.23,676.42,24.14,13.0836939,80.270186
Chennai,2018-07,1595.6299999999999,0.0,283.38,652.81,25.21,13.0836939,80.270186
Chennai,2018-08,1340.46,0.0,307.0,604.87,25.18,13.0836939,80.270186
Chennai,2018-09,1410.14,0.0,325.2,502.17,25.65,13.0836939,80.270186
Chennai,2018-10,1548.8,0.0,364.96,540.5,29.64,13.0836939,80.270186
Chennai,2018-11,1679.29,0.0,331.07,535.33,30.43,13.0836939,80.270186
Chennai,2018-12,2055.32,0.0,312.47,524.99,31.71,13.0836939,80.270186
Chennai,2019-01,1924.78,0.0,198.71,394.33,28.94,13.0836939,80.270186
Chennai,2019-02,1482.54,0.0,168.65,327.6,27.59,13.0836939,80.270186
Chennai,2019-03,1592.79,0.0,484.41,606.47,24.4,13.0836939,80.270186
Chennai,2019-04,1032.3,0.0,213.0,383.77,30.57,13.0836939,80.270186
Chennai,2019-05,1384.23,0.0,324.37,537.53,32.58,13.0836939,80.270186
Chennai,2019-06,1474.04,293.25,270.28,601.07,30.59,13.0836939,80.270186
Chennai,2019-07,1279.95,438.11,243.54,585.26,27.05,13.0836939,80.270186
Chennai,2019-08,811.91,1095.55,254.33,551.34,23.1,13.0836939,80.270186
Chennai,2019-09,861.68,1426.69,176.96,390.04,26.04,13.0836939,80.270186
Chennai,2019-10,1211.67,1855.04,322.64,554.55,25.45,13.0836939,80.270186
Chennai,2019-11,1646.35,2994.25,279.94,446.37,19.78,13.0836939,80.270186
Chennai,2019-12,1335.14,1785.96,222.06,537.18,19.28,13.0836939,80.270186
Chennai,2020-01,1371.12,1996.74,270.86,488.76,26.19,13.0836939,80.270186
Chennai,2020-02,1073.39,1959.75,263.44,398.68,23.71,13.0836939,80.270186
Chennai,2020-03,988.18,1286.11,261.5,295.54,21.71,13.0836939,80.270186
Chennai,2020-04,463.6,1566.82,195.79,263.24,18.56,13.0836939,80.270186
Chennai,2020-05,585.88,708.11,199.82,245.73,26.56,13.0836939,80.270186
Chennai,2020-06,883.46,1564.76,272.6,355.13,32.44,13.0836939,80.270186
Chennai,2020-07,15.95,4.85,6.22,10.72,1.02,13.0836939,80.270186
Coimbatore,2019-06,639.46,824.15,138.63,133.19,21.24,11.0018115,76.9628425
Coimbatore,2019-07,929.72,1253.3,336.25,424.38,37.84,11.0018115,76.9628425
Coimbatore,2019-08,672.74,880.4,292.86,268.21,44.51,11.0018115,76.9628425
Coimbatore,2019-09,665.01,931.72,254.22,244.91,47.69,11.0018115,76.9628425
Coimbatore,2019-10,744.34,934.01,262.02,396.02,55.26,11.0018115,76.9628425
Coimbatore,2019-11,1075.79,1365.72,324.88,751.12,18.13,11.0018115,76.9628425
Coimbatore,2019-12,1191.96,1486.67,619.42,720.59,21.91,11.0018115,76.9628425
Coimbatore,2020-01,1185.64,1572.2,142.52,1185.09,8.05,11.0018115,76.9628425
Coimbatore,2020-02,1153.96,1513.91,17.27,1014.36,17.56,11.0018115,76.9628425
Coimbatore,2020-03,981.59,1337.84,20.23,1455.49,20.71,11.0018115,76.9628425
Coimbatore,2020-04,676.63,785.51,25.63,1850.11,20.37,11.0018115,76.9628425
Coimbatore,2020-05,665.91,881.91,7.9,1039.64,30.21,11.0018115,76.9628425
Coimbatore,2020-06,436.55,627.89,0.0,1265.06,19.54,11.0018115,76.9628425
Coimbatore,2020-07,0.0,0.0,0.0,46.03,0.57,11.0018115,76.9628425
Delhi,2015-01,5446.41,8586.11,818.17,1144.69,318.35,28.6273928,77.1716954
Delhi,2015-02,4309.7699999999995,6578.31,820.06,1166.39,311.86,28.6273928,77.1716954
Delhi,2015-03,2490.48,4186.38,465.31,755.97,305.78,28.6273928,77.1716954
Delhi,2015-04,2746.87,5639.74,555.32,1328.39,216.55,28.6273928,77.1716954
Delhi,2015-05,3010.39,8402.57,955.85,1905.99,248.26,28.6273928,77.1716954
Delhi,2015-06,2573.31,5553.29,599.14,1755.44,79.65,28.6273928,77.1716954
Delhi,2015-07,1634.71,3863.83,518.41,1329.58,45.13,28.6273928,77.1716954
Delhi,2015-08,1764.92,4841.43,874.04,1354.73,37.19,28.6273928,77.1716954
Delhi,2015-09,2226.7,5800.78,768.29,1311.44,36.589999999999996,28.6273928,77.1716954
Delhi,2015-10,4093.58,8036.9,1447.92,1682.52,64.05,28.6273928,77.1716954
Delhi,2015-11,6831.18,11319.65,2057.36,2234.59,68.51,28.6273928,77.1716954
Delhi,2015-12,5701.08,9527.73,2132.79,2438.82,186.21,28.6273928,77.1716954
Delhi,2016-01,8014.82,12993.02,2087.04,2397.86,69.1,28.6273928,77.1716954
Delhi,2016-02,4204.89,7158.33,1473.3799999999999,2017.78,45.55,28.6273928,77.1716954
Delhi,2016-03,2942.55,4828.96,1254.25,1692.03,45.730000000000004,28.6273928,77.1716954
Delhi,2016-04,3571.29,6722.81,1212.96,1605.85,44.92,28.6273928,77.1716954
Delhi,2016-05,2878.66,6414.68,619.55,1686.28,38.41,28.6273928,77.1716954
Delhi,2016-06,2402.61,5362.79,428.1,1286.17,63.79,28.6273928,77.1716954
Delhi,2016-07,1736.43,3110.58,609.42,1102.32,58.5,28.6273928,77.1716954
Delhi,2016-08,1414.86,3099.15,622.28,1087.41,51.66,28.6273928,77.1716954
Delhi,2016-09,1937.42,5334.4,797.5600000000001,1562.72,38.77,28.6273928,77.1716954
Delhi,2016-10,5202.91,10783.61,3003.89,2855.28,48.2,28.6273928,77.1716954
Delhi,2016-11,9180.57,13564.52,3579.14,3379.87,45.16,28.6273928,77.1716954
Delhi,2016-12,7205.03,12826.24,2881.06,2563.26,39.5,28.6273928,77.1716954
Delhi,2017-01,6182.46,8833.96,2594.7599999999998,2098.95,23.79,28.6273928,77.1716954
Delhi,2017-02,4812.43,8340.17,2228.15,1882.87,20.78,28.6273928,77.1716954
Delhi,2017-03,3386.47,8156.97,1724.82,1812.31,15.93,28.6273928,77.1716954
Delhi,2017-04,3517.96,9063.43,2136.16,2410.14,18.240000000000002,28.6273928,77.1716954
Delhi,2017-05,4018.16,9720.07,1650.2,2158.85,26.32,28.6273928,77.1716954
Delhi,2017-06,1844.98,6194.8,1373.72,2312.27,5.390000000000001,28.6273928,77.1716954
Delhi,2017-07,1076.3600000000001,695.16,861.41,1091.94,0.0,28.6273928,77.1716954
Delhi,2017-08,1085.05,60.15,868.8,1322.39,0.76,28.6273928,77.1716954
Delhi,2017-09,1573.23,2917.41,781.63,801.71,11.85,28.6273928,77.1716954
Delhi,2017-10,4547.55,6854.37,1255.03,1463.89,24.08,28.6273928,77.1716954
Delhi,2017-11,7493.7,10626.87,1462.76,1820.7,54.82,28.6273928,77.1716954
Delhi,2017-12,5869.58,8918.31,1529.93,1755.67,52.72,28.6273928,77.1716954
Delhi,2018-01,5883.35,9308.93,1188.05,1607.28,49.6,28.6273928,77.1716954
Delhi,2018-02,3860.85,7421.8,1114.55,1608.31,40.89,28.6273928,77.1716954
Delhi,2018-03,3077.86,6950.71,929.78,1443.94,38.0,28.6273928,77.1716954
Delhi,2018-04,2714.15,7633.41,801.49,1468.62,42.01,28.6273928,77.1716954
Delhi,2018-05,2742.74,7515.75,823.88,1520.28,46.6,28.6273928,77.1716954
Delhi,2018-06,2428.87,7366.28,353.84000000000003,935.5699999999999,24.73,28.6273928,77.1716954
Delhi,2018-07,1290.9,3182.79,388.9,946.4,26.25,28.6273928,77.1716954
Delhi,2018-08,1272.16,3650.65,523.77,816.59,27.52,28.6273928,77.1716954
Delhi,2018-09,1360.42,3440.56,765.27,895.87,28.1,28.6273928,77.1716954
Delhi,2018-10,4163.94,9149.17,1868.34,1721.6100000000001,56.27,28.6273928,77.1716954
Delhi,2018-11,6069.52,10272.960000000001,1920.26,1811.6299999999999,62.06,28.6273928,77.1716954
Delhi,2018-12,7117.32,11747.23,2642.97,1985.6200000000001,71.55,28.6273928,77.1716954
Delhi,2019-01,6334.76,9921.39,1869.27,1880.81,59.04,28.6273928,77.1716954
Delhi,2019-02,3424.86,5946.63,1026.76,1337.57,37.76,28.6273928,77.1716954
Delhi,2019-03,2608.68,5640.0,917.92,1424.77,36.8,28.6273928,77.1716954
Delhi,2019-04,2469.33,6874.24,870.45,1453.62,40.15,28.6273928,77.1716954
Delhi,2019-05,2782.19,7651.37,990.52,1601.66,42.54,28.6273928,77.1716954
Delhi,2019-06,1915.21,6256.4,593.96,1155.18,34.24,28.6273928,77.1716954
Delhi,2019-07,1448.74,4365.63,449.09,944.35,34.12,28.6273928,77.1716954
Delhi,2019-08,1057.62,2540.66,551.59,941.8,33.66,28.6273928,77.1716954
Delhi,2019-09,1203.98,2905.66,367.59,923.53,28.83,28.6273928,77.1716954
Delhi,2019-10,3833.37,7389.51,1237.75,1486.15,48.02,28.6273928,77.1716954
Delhi,2019-11,6161.81,9433.130000000001,1303.21,1641.66,50.86,28.6273928,77.1716954
Delhi,2019-12,6362.49,9567.83,1543.54,1720.05,54.62,28.6273928,77.1716954
Delhi,2020-01,4870.49,7394.21,1485.33,1475.75,48.68,28.6273928,77.1716954
Delhi,2020-02,3523.04,6376.39,1132.64,1417.8899999999999,37.56,28.6273928,77.1716954
Delhi,2020-03,1782.7,3787.86,680.4399999999999,1047.16,27.32,28.6273928,77.1716954
Delhi,2020-04,1348.2,3146.33,291.3,630.25,23.41,28.6273928,77.1716954
Delhi,2020-05,1718.91,4267.53,302.88,772.02,28.16,28.6273928,77.1716954
Delhi,2020-06,1400.84,3636.2799999999997,253.76,711.8,27.47,28.6273928,77.1716954
Delhi,2020-07,54.01,128.66,6.33,21.05,0.97,28.6273928,77.1716954
Ernakulam,2020-01,440.72,749.2,946.09,99.41,12.01,9.98408,76.2741457
Ernakulam,2020-02,1315.57,2171.4,1820.15,90.98,39.65,9.98408,76.2741457
Ernakulam,2020-03,861.98,1732.28,189.10000000000002,125.07000000000001,43.25,9.98408,76.2741457
Ernakulam,2020-04,532.34,1071.45,346.09,47.83,38.93,9.98408,76.2741457
Ernakulam,2020-05,472.21,1140.9,231.95,0.0,59.75,9.98408,76.2741457
Ernakulam,2020-06,312.57,757.89,127.08,33.01,61.51,9.98408,76.2741457
Ernakulam,2020-07,5.88,13.91,2.58,2.4,2.1,9.98408,76.2741457
Gurugram,2015-11,0.0,0.0,16.990000000000002,32.62,6.47,28.4646148,77.0299194
Gurugram,2015-12,0.0,0.0,313.47,350.69,38.11,28.4646148,77.0299194
Gurugram,2016-01,521.01,0.0,295.58,196.52,19.529999999999998,28.4646148,77.0299194
Gurugram,2016-02,1819.34,0.0,223.0,291.78,22.9,28.4646148,77.0299194
Gurugram,2016-03,4928.49,0.0,262.77,691.84,21.93,28.4646148,77.0299194
Gurugram,2016-04,2791.61,0.0,356.46999999999997,1140.88,46.97,28.4646148,77.0299194
Gurugram,2016-05,2832.85,0.0,61.089999999999996,249.21,35.01,28.4646148,77.0299194
Gurugram,2016-06,1896.52,0.0,72.29,189.39000000000001,10.23,28.4646148,77.0299194
Gurugram,2016-07,963.1899999999999,0.0,100.89,218.47,11.32,28.4646148,77.0299194
Gurugram,2016-08,1029.0,0.0,72.22,123.74,8.61,28.4646148,77.0299194
Gurugram,2016-09,1358.94,0.0,0.0,0.0,12.89,28.4646148,77.0299194
Gurugram,2016-10,2928.45,0.0,712.55,561.4399999999999,15.39,28.4646148,77.0299194
Gurugram,2016-11,6412.2,0.0,236.62,304.78000000000003,4.680000000000001,28.4646148,77.0299194
Gurugram,2016-12,6801.03,0.0,237.79,318.7,193.54,28.4646148,77.0299194
Gurugram,2017-01,6685.33,0.0,182.39,306.95,368.27,28.4646148,77.0299194
Gurugram,2017-02,4191.12,0.0,414.45,626.13,19.44,28.4646148,77.0299194
Gurugram,2017-03,2925.79,0.0,188.7,461.86,18.18,28.4646148,77.0299194
Gurugram,2017-04,5015.74,0.0,118.53,322.62,17.47,28.4646148,77.0299194
Gurugram,2017-05,5651.35,0.0,448.17,817.41,15.36,28.4646148,77.0299194
Gurugram,2017-06,5605.33,0.0,187.34,437.95,13.32,28.4646148,77.0299194
Gurugram,2017-07,7105.7,0.0,314.13,444.0,18.23,28.4646148,77.0299194
Gurugram,2017-08,3036.36,0.0,174.26,877.62,25.919999999999998,28.4646148,77.0299194
Gurugram,2017-09,2086.0,0.0,76.57,697.16,30.79,28.4646148,77.0299194
Gurugram,2017-10,3704.45,0.0,257.74,774.09,25.869999999999997,28.4646148,77.0299194
Gurugram,2017-11,6427.6900000000005,0.0,376.26,689.68,61.1,28.4646148,77.0299194
Gurugram,2017-12,4647.64,395.4,439.48,616.37,50.980000000000004,28.4646148,77.0299194
Gurugram,2018-01,5740.91,6862.62,954.38,678.08,62.46,28.4646148,77.0299194
Gurugram,2018-02,2587.5,4405.62,710.56,497.12,26.23,28.4646148,77.0299194
Gurugram,2018-03,2448.32,5323.38,586.02,1297.62,29.93,28.4646148,77.0299194
Gurugram,2018-04,1865.56,4532.74,718.13,581.27,38.06,28.4646148,77.0299194
Gurugram,2018-05,3362.29,6360.44,436.06,759.55,11.51,28.4646148,77.0299194
Gurugram,2018-06,4462.45,1086.98,334.59000000000003,722.58,22.34,28.4646148,77.0299194
Gurugram,2018-07,1714.9,0.0,266.75,744.8,21.62,28.4646148,77.0299194
Gurugram,2018-08,2085.4,0.0,347.22,583.8199999999999,17.61,28.4646148,77.0299194
Gurugram,2018-09,1940.27,210.02,705.31,630.52,12.43,28.4646148,77.0299194
Gurugram,2018-10,4849.8,7882.53,1375.53,1363.01,32.34,28.4646148,77.0299194
Gurugram,2018-11,4990.34,8356.39,1644.07,1080.43,27.21,28.4646148,77.0299194
Gurugram,2018-12,4639.02,8225.77,2271.47,1535.75,23.96,28.4646148,77.0299194
Gurugram,2019-01,4523.71,7643.32,1373.19,1095.99,51.25,28.4646148,77.0299194
Gurugram,2019-02,2285.45,4697.24,828.26,1684.1200000000001,24.82,28.4646148,77.0299194
Gurugram,2019-03,2069.72,5004.19,366.4,346.63,8.76,28.4646148,77.0299194
Gurugram,2019-04,2647.29,6928.56,665.8,421.33,16.240000000000002,28.4646148,77.0299194
Gurugram,2019-05,3047.93,6717.69,699.08,699.08,19.01,28.4646148,77.0299194
Gurugram,2019-06,2467.58,2286.57,492.53,994.96,12.85,28.4646148,77.0299194
Gurugram,2019-07,1609.14,3777.2599999999998,403.2,372.6,15.42,28.4646148,77.0299194
Gurugram,2019-08,1062.57,1846.33,232.39,268.34,13.77,28.4646148,77.0299194
Gurugram,2019-09,1148.41,2314.51,263.41,272.25,32.0,28.4646148,77.0299194
Gurugram,2019-10,3273.3,5327.61,769.61,1036.21,45.92,28.4646148,77.0299194
Gurugram,2019-11,5458.51,8583.38,714.57,1424.48,35.65,28.4646148,77.0299194
Gurugram,2019-12,4673.83,8343.17,958.84,1289.32,54.18,28.4646148,77.0299194
Gurugram,2020-01,3543.88,5493.87,974.4200000000001,1039.84,56.52,28.4646148,77.0299194
Gurugram,2020-02,2575.93,5085.04,691.29,704.39,52.12,28.4646148,77.0299194
Gurugram,2020-03,1641.05,3466.9,438.31,735.39,30.22,28.4646148,77.0299194
Gurugram,2020-04,1253.61,2740.31,194.23,449.45,19.56,28.4646148,77.0299194
Gurugram,2020-05,1655.45,3831.15,295.47,630.82,25.19,28.4646148,77.0299194
Gurugram,2020-06,1532.72,3810.21,163.5,380.28000000000003,21.5,28.4646148,77.0299194
Gurugram,2020-07,61.64,174.08,5.99,10.58,1.11,28.4646148,77.0299194
Guwahati,2019-02,1125.07,1856.49,245.10999999999999,175.33,10.45,26.1805978,91.753943
Guwahati,2019-03,3036.5,5673.7,765.26,578.16,30.42,26.1805978,91.753943
Guwahati,2019-04,1526.81,2585.83,347.69,512.05,20.38,26.1805978,91.753943
Guwahati,2019-05,1820.26,3598.15,200.99,396.73,16.330000000000002,26.1805978,91.753943
Guwahati,2019-06,865.24,1567.78,205.2,395.18,16.47,26.1805978,91.753943
Guwahati,2019-07,1209.43,2802.62,217.41,309.19,14.1,26.1805978,91.753943
Guwahati,2019-08,837.92,3689.82,181.81,294.32,13.81,26.1805978,91.753943
Guwahati,2019-09,688.46,1340.8,275.73,281.25,16.64,26.1805978,91.753943
Guwahati,2019-10,1531.65,2672.26,659.21,419.11,21.33,26.1805978,91.753943
Guwahati,2019-11,1946.4,3690.04,1308.47,449.45,27.0,26.1805978,91.753943
Guwahati,2019-12,3851.54,5831.41,1352.74,345.54,39.69,26.1805978,91.753943
Guwahati,2020-01,4327.2,6870.2699999999995,1692.13,420.59,48.0,26.1805978,91.753943
Guwahati,2020-02,3505.9300000000003,5968.59,1479.76,598.51,32.8,26.1805978,91.753943
Guwahati,2020-03,2633.74,5124.87,787.92,735.91,18.53,26.1805978,91.753943
Guwahati,2020-04,1645.83,2948.59,135.48,294.05,14.7,26.1805978,91.753943
Guwahati,2020-05,727.84,1264.56,98.02,330.33,13.620000000000001,26.1805978,91.753943
Guwahati,2020-06,586.58,996.88,88.25,255.65,13.49,26.1805978,91.753943
Guwahati,2020-07,40.0,53.0,0.55,6.59,0.61,26.1805978,91.753943
Hyderabad,2015-01,0.0,0.0,328.88,652.0,12.84,17.360589,78.4740613
Hyderabad,2015-02,0.0,0.0,373.6,705.43,13.73,17.360589,78.4740613
Hyderabad,2015-03,47.03,0.0,353.56,661.15,16.2,17.360589,78.4740613
Hyderabad,2015-04,1472.57,0.0,386.95,485.62,26.82,17.360589,78.4740613
Hyderabad,2015-05,1598.1299999999999,0.0,405.39,492.44,29.62,17.360589,78.4740613
Hyderabad,2015-06,2243.0099999999998,0.0,324.03,311.26,23.16,17.360589,78.4740613
Hyderabad,2015-07,829.75,0.0,267.81,207.3,16.78,17.360589,78.4740613
Hyderabad,2015-08,1575.73,0.0,274.56,407.33,21.61,17.360589,78.4740613
Hyderabad,2015-09,2341.93,568.69,153.35999999999999,519.46,16.63,17.360589,78.4740613
Hyderabad,2015-10,3776.41,3017.69,109.3,176.26,29.46,17.360589,78.4740613
Hyderabad,2015-11,1823.47,3091.37,225.03,320.56,29.21,17.360589,78.4740613
Hyderabad,2015-12,1746.82,2859.88,273.78000000000003,480.71,33.04,17.360589,78.4740613
Hyderabad,2016-01,2351.48,3158.5,271.68,375.84000000000003,35.0,17.360589,78.4740613
Hyderabad,2016-02,2532.37,2893.02,181.39,296.87,29.21,17.360589,78.4740613
Hyderabad,2016-03,1756.72,2992.67,179.21,307.2,32.42,17.360589,78.4740613
Hyderabad,2016-04,1399.6,2776.51,214.5,887.79,26.83,17.360589,78.4740613
Hyderabad,2016-05,1194.75,2104.62,287.29,915.49,26.28,17.360589,78.4740613
Hyderabad,2016-06,1852.9299999999998,0.0,207.21,386.12,24.69,17.360589,78.4740613
Hyderabad,2016-07,1467.64,0.0,226.51,327.39,55.28,17.360589,78.4740613
Hyderabad,2016-08,92.49,107.03,89.75,98.46,25.48,17.360589,78.4740613
Hyderabad,2016-09,638.91,1614.87,334.2,1517.03,6.09,17.360589,78.4740613
Hyderabad,2016-10,1266.13,2468.06,350.21,1671.36,11.84,17.360589,78.4740613
Hyderabad,2016-11,1881.6299999999999,2987.2599999999998,287.47,1171.09,15.07,17.360589,78.4740613
Hyderabad,2016-12,1831.7,3033.61,342.06,1770.82,11.99,17.360589,78.4740613
Hyderabad,2017-01,2263.83,4014.88,339.55,1473.81,1.04,17.360589,78.4740613
Hyderabad,2017-02,1802.3600000000001,3885.94,311.84,1195.99,3.1300000000000003,17.360589,78.4740613
Hyderabad,2017-03,1531.28,4102.4,326.29,1131.84,5.13,17.360589,78.4740613
Hyderabad,2017-04,1745.22,5041.99,324.31,1145.4,5.0,17.360589,78.4740613
Hyderabad,2017-05,1086.65,3152.2599999999998,171.05,1237.26,3.47,17.360589,78.4740613
Hyderabad,2017-06,349.06,1028.08,233.72,478.72,3.85,17.360589,78.4740613
Hyderabad,2017-07,423.09000000000003,1383.69,217.73,409.96,4.99,17.360589,78.4740613
Hyderabad,2017-08,510.99,1379.9,249.75,442.07,5.82,17.360589,78.4740613
Hyderabad,2017-09,738.29,1569.43,262.36,486.15999999999997,2.69,17.360589,78.4740613
Hyderabad,2017-10,1518.1,2763.53,336.86,780.86,6.12,17.360589,78.4740613
Hyderabad,2017-11,1686.25,3117.85,289.66,1186.47,22.43,17.360589,78.4740613
Hyderabad,2017-12,2235.62,4168.44,271.31,1546.82,29.15,17.360589,78.4740613
Hyderabad,2018-01,2137.22,4490.47,266.54,1659.53,29.75,17.360589,78.4740613
Hyderabad,2018-02,1416.3,3221.46,295.5,1448.57,24.0,17.360589,78.4740613
Hyderabad,2018-03,1663.8,3581.63,171.56,1413.3,26.85,17.360589,78.4740613
Hyderabad,2018-04,1148.0,2731.26,170.51,1130.08,20.94,17.360589,78.4740613
Hyderabad,2018-05,1104.15,2812.58,99.37,960.33,21.66,17.360589,78.4740613
Hyderabad,2018-06,692.32,1637.06,99.09,721.57,15.48,17.360589,78.4740613
Hyderabad,2018-07,529.3,1396.27,149.19,723.99,8.9,17.360589,78.4740613
Hyderabad,2018-08,545.58,1557.77,191.0,746.28,9.29,17.360589,78.4740613
Hyderabad,2018-09,1090.52,2365.4,238.77,927.62,14.17,17.360589,78.4740613
Hyderabad,2018-10,1691.8799999999999,3672.04,225.98000000000002,1307.06,17.21,17.360589,78.4740613
Hyderabad,2018-11,1633.15,3548.13,203.55,1366.43,18.16,17.360589,78.4740613
Hyderabad,2018-12,2089.67,3888.67,172.04,1287.66,20.52,17.360589,78.4740613
Hyderabad,2019-01,2096.17,4126.08,228.11,1497.24,22.22,17.360589,78.4740613
Hyderabad,2019-02,1553.3600000000001,3333.52,130.6,1210.08,16.92,17.360589,78.4740613
Hyderabad,2019-03,1456.97,3583.47,138.48,1133.55,19.259999999999998,17.360589,78.4740613
Hyderabad,2019-04,1104.74,2830.45,121.94,984.71,17.88,17.360589,78.4740613
Hyderabad,2019-05,1335.08,3893.11,119.76,956.11,19.79,17.360589,78.4740613
Hyderabad,2019-06,695.19,1719.29,65.52,546.68,12.21,17.360589,78.4740613
Hyderabad,2019-07,495.03000000000003,1237.91,95.11,397.33,11.7,17.360589,78.4740613
Hyderabad,2019-08,540.61,1513.44,146.81,596.51,12.08,17.360589,78.4740613
Hyderabad,2019-09,625.61,1261.29,138.6,509.64,12.67,17.360589,78.4740613
Hyderabad,2019-10,1190.99,2132.92,176.78,746.19,18.57,17.360589,78.4740613
Hyderabad,2019-11,2056.9,3923.37,160.5,1005.74,20.6,17.360589,78.4740613
Hyderabad,2019-12,2016.48,3770.4,321.11,1245.43,24.19,17.360589,78.4740613
Hyderabad,2020-01,1622.0,3224.2000000000003,327.72,1057.39,17.15,17.360589,78.4740613
Hyderabad,2020-02,1268.65,2843.56,364.55,1009.88,14.32,17.360589,78.4740613
Hyderabad,2020-03,1112.43,2494.6,255.45000000000002,735.31,15.21,17.360589,78.4740613
Hyderabad,2020-04,900.3100000000001,1792.23,235.56,672.15,14.29,17.360589,78.4740613
Hyderabad,2020-05,933.65,2494.82,186.22,813.28,14.28,17.360589,78.4740613
Hyderabad,2020-06,559.03,1352.89,181.39,651.84,9.35,17.360589,78.4740613
Hyderabad,2020-07,26.83,66.5,2.94,27.18,0.43,17.360589,78.4740613
Jaipur,2017-06,511.14,729.02,111.83,45.93,9.1,26.9154576,75.8189817
Jaipur,2017-07,1086.67,1812.55,204.87,448.62,18.490000000000002,26.9154576,75.8189817
Jaipur,2017-08,1118.16,2982.78,136.23,756.11,16.6,26.9154576,75.8189817
Jaipur,2017-09,1115.65,3544.84,226.66,988.15,8.83,26.9154576,75.8189817
Jaipur,2017-10,2848.85,5287.03,555.05,1141.47,18.01,26.9154576,75.8189817
Jaipur,2017-11,3326.27,5800.24,1037.38,1856.95,18.48,26.9154576,75.8189817
Jaipur,2017-12,2424.44,4663.57,645.78,1065.01,0.0,26.9154576,75.8189817
Jaipur,2018-01,2547.7799999999997,5311.35,877.92,1416.68,7.06,26.9154576,75.8189817
Jaipur,2018-02,2403.88,4213.81,540.09,925.46,28.27,26.9154576,75.8189817
Jaipur,2018-03,1466.81,3656.48,367.25,1234.72,24.64,26.9154576,75.8189817
Jaipur,2018-04,1728.23,4768.96,292.84,1086.3600000000001,22.29,26.9154576,75.8189817
Jaipur,2018-05,1977.07,5566.22,320.22,986.65,30.52,26.9154576,75.8189817
Jaipur,2018-06,2041.09,5276.78,279.21,595.6,19.32,26.9154576,75.8189817
Jaipur,2018-07,1463.3,2985.99,306.21,559.97,19.13,26.9154576,75.8189817
Jaipur,2018-08,1316.74,3255.72,371.72,670.54,21.59,26.9154576,75.8189817
Jaipur,2018-09,1194.46,2960.18,455.13,670.69,25.27,26.9154576,75.8189817
Jaipur,2018-10,1919.59,4229.14,682.19,1259.42,36.660000000000004,26.9154576,75.8189817
Jaipur,2018-11,2232.41,4850.92,1004.62,1429.15,48.58,26.9154576,75.8189817
Jaipur,2018-12,2100.22,4431.16,1152.92,1318.13,44.24,26.9154576,75.8189817
Jaipur,2019-01,1934.3799999999999,4294.54,639.88,882.26,34.28,26.9154576,75.8189817
Jaipur,2019-02,1365.72,3067.63,381.3,861.52,30.47,26.9154576,75.8189817
Jaipur,2019-03,1266.09,3108.55,380.6,1023.55,29.19,26.9154576,75.8189817
Jaipur,2019-04,1544.4,4624.3,507.66,1045.55,29.78,26.9154576,75.8189817
Jaipur,2019-05,1773.22,4588.01,477.61,944.89,26.2,26.9154576,75.8189817
Jaipur,2019-06,1403.33,3565.5,297.29,871.3100000000001,22.759999999999998,26.9154576,75.8189817
Jaipur,2019-07,1097.03,2455.9,227.32,634.7,21.3,26.9154576,75.8189817
Jaipur,2019-08,820.35,1760.8899999999999,313.39,734.8199999999999,21.1,26.9154576,75.8189817
Jaipur,2019-09,932.45,2023.93,271.52,759.59,22.97,26.9154576,75.8189817
Jaipur,2019-10,1913.33,3999.3,522.21,1398.17,30.84,26.9154576,75.8189817
Jaipur,2019-11,2094.83,4215.02,373.3,1266.86,27.15,26.9154576,75.8189817
Jaipur,2019-12,1714.8,3971.12,586.87,1638.55,32.3,26.9154576,75.8189817
Jaipur,2020-01,1459.75,3305.88,406.49,1348.68,29.47,26.9154576,75.8189817
Jaipur,2020-02,1601.62,3578.13,510.49,1430.97,30.09,26.9154576,75.8189817
Jaipur,2020-03,1064.03,2561.83,198.63,905.04,23.98,26.9154576,75.8189817
Jaipur,2020-04,858.94,2272.1,101.43,405.43,17.3,26.9154576,75.8189817
Jaipur,2020-05,1274.32,3463.25,131.01,536.34,20.5,26.9154576,75.8189817
Jaipur,2020-06,1059.64,2545.56,166.71,505.77,19.29,26.9154576,75.8189817
Jaipur,2020-07,58.79,103.68,5.19,10.88,0.54,26.9154576,75.8189817
Jorapokhar,2017-04,0.0,1892.45,86.94,113.64,3.39,23.7167069,86.4110166
Jorapokhar,2017-05,0.0,3880.6,243.35,291.66,10.89,23.7167069,86.4110166
Jorapokhar,2017-06,0.0,3362.9,185.04,212.23,8.09,23.7167069,86.4110166
Jorapokhar,2017-07,0.0,806.19,131.54999999999998,217.77,2.71,23.7167069,86.4110166
Jorapokhar,2017-08,0.0,1205.7,142.42,274.49,3.13,23.7167069,86.4110166
Jorapokhar,2017-09,0.0,58.1,9.42,10.08,0.61,23.7167069,86.4110166
Jorapokhar,2017-10,0.0,663.37,44.23,41.72,1.74,23.7167069,86.4110166
Jorapokhar,2017-11,0.0,2728.57,131.37,129.51,4.94,23.7167069,86.4110166
Jorapokhar,2017-12,0.0,2102.0699999999997,119.53,126.37,3.89,23.7167069,86.4110166
Jorapokhar,2018-01,0.0,4736.22,250.76,289.74,8.78,23.7167069,86.4110166
Jorapokhar,2018-02,0.0,4762.44,260.86,267.77,9.01,23.7167069,86.4110166
Jorapokhar,2018-03,0.0,4926.83,244.93,248.26,8.53,23.7167069,86.4110166
Jorapokhar,2018-04,0.0,2521.72,141.24,131.8,6.61,23.7167069,86.4110166
Jorapokhar,2018-05,0.0,266.05,62.69,47.67,2.77,23.7167069,86.4110166
Jorapokhar,2018-06,0.0,1062.04,125.7,71.83,7.5,23.7167069,86.4110166
Jorapokhar,2018-07,0.0,2545.54,204.91,205.12,9.56,23.7167069,86.4110166
Jorapokhar,2018-08,0.0,3762.91,220.09,228.53,12.38,23.7167069,86.4110166
Jorapokhar,2018-09,0.0,919.3299999999999,63.33,64.59,1.07,23.7167069,86.4110166
Jorapokhar,2018-10,0.0,7623.67,197.57999999999998,205.85,0.0,23.7167069,86.4110166
Jorapokhar,2018-11,0.0,10098.2,193.46,189.76,0.0,23.7167069,86.4110166
Jorapokhar,2018-12,0.0,10770.49,193.12,202.71,0.0,23.7167069,86.4110166
Jorapokhar,2019-01,2838.74,8729.59,293.48,311.44,0.0,23.7167069,86.4110166
Jorapokhar,2019-02,2281.84,4293.8,264.0,278.87,0.0,23.7167069,86.4110166
Jorapokhar,2019-03,2003.96,3869.34,268.05,281.23,0.0,23.7167069,86.4110166
Jorapokhar,2019-04,1247.05,3417.91,269.09,281.34,13.34,23.7167069,86.4110166
Jorapokhar,2019-05,0.0,2810.69,237.45,227.21,54.25,23.7167069,86.4110166
Jorapokhar,2019-06,0.0,429.0,19.61,14.760000000000002,4.06,23.7167069,86.4110166
Jorapokhar,2019-07,0.0,711.52,165.12,178.8,26.73,23.7167069,86.4110166
Jorapokhar,2019-08,164.21,838.82,269.08,289.79,55.92,23.7167069,86.4110166
Jorapokhar,2019-09,794.13,1222.43,265.07,278.2,16.69,23.7167069,86.4110166
Jorapokhar,2019-10,1523.43,2341.18,257.32,267.99,0.0,23.7167069,86.4110166
Jorapokhar,2019-11,2494.67,4886.48,263.51,280.47,0.0,23.7167069,86.4110166
Jorapokhar,2019-12,2701.44,6150.82,270.44,288.65,0.0,23.7167069,86.4110166
Jorapokhar,2020-01,1923.93,5574.24,263.21,256.03,0.0,23.7167069,86.4110166
Jorapokhar,2020-02,2122.52,4979.75,552.49,273.58,0.0,23.7167069,86.4110166
Jorapokhar,2020-03,1430.85,2307.94,757.71,331.32,32.25,23.7167069,86.4110166
Jorapokhar,2020-04,1302.58,3226.33,723.12,325.2,53.68,23.7167069,86.4110166
Jorapokhar,2020-05,1459.11,4008.33,751.91,324.59,30.85,23.7167069,86.4110166
Jorapokhar,2020-06,54.3,3198.2599999999998,738.57,324.63,39.92,23.7167069,86.4110166
Jorapokhar,2020-07,0.0,102.38,20.9,14.11,1.67,23.7167069,86.4110166
Kochi,2020-01,607.37,1128.15,738.9300000000001,608.23,13.49,9.9674277,76.2454436
Kochi,2020-02,1687.26,3435.93,1600.35,655.42,37.89,9.9674277,76.2454436
Kochi,2020-03,1131.2,3182.61,3960.0,104.33,36.97,9.9674277,76.2454436
Kochi,2020-04,589.81,1046.78,2057.0,129.08,28.57,9.9674277,76.2454436
Kochi,2020-05,516.45,1125.37,1961.89,506.3,42.1,9.9674277,76.2454436
Kochi,2020-06,553.36,978.53,1151.53,325.67,49.12,9.9674277,76.2454436
Kochi,2020-07,5.97,10.97,13.76,2.5,1.92,9.9674277,76.2454436
Kolkata,2018-04,211.1,386.32,75.37,703.3,16.26,22.5726459,88.3638953
Kolkata,2018-05,8.61,27.5,117.74,623.72,0.0,22.5726459,88.3638953
Kolkata,2018-06,521.59,1076.19,131.17,475.8,11.75,22.5726459,88.3638953
Kolkata,2018-07,701.43,1291.47,218.41,928.88,17.21,22.5726459,88.3638953
Kolkata,2018-08,658.89,1303.99,232.84,950.42,38.26,22.5726459,88.3638953
Kolkata,2018-09,1154.47,1973.94,313.71,1022.15,40.25,22.5726459,88.3638953
Kolkata,2018-10,2136.61,3529.91,1498.56,1525.2,53.9,22.5726459,88.3638953
Kolkata,2018-11,4247.12,6770.9400000000005,1875.81,1889.56,40.14,22.5726459,88.3638953
Kolkata,2018-12,5664.35,9053.38,2678.41,2697.57,32.81,22.5726459,88.3638953
Kolkata,2019-01,6265.44,9644.58,3203.58,3277.96,40.93,22.5726459,88.3638953
Kolkata,2019-02,3580.46,6121.22,1515.8,2690.2,33.2,22.5726459,88.3638953
Kolkata,2019-03,2241.83,4149.74,561.05,2103.23,24.05,22.5726459,88.3638953
Kolkata,2019-04,1266.12,2552.98,141.84,934.08,15.05,22.5726459,88.3638953
Kolkata,2019-05,1342.76,2891.05,121.84,491.54,14.84,22.5726459,88.3638953
Kolkata,2019-06,966.38,1804.93,252.86,551.27,13.0,22.5726459,88.3638953
Kolkata,2019-07,852.65,1646.53,250.63,605.87,15.03,22.5726459,88.3638953
Kolkata,2019-08,709.88,1237.71,345.65,651.7,15.84,22.5726459,88.3638953
Kolkata,2019-09,484.64,999.46,271.3,501.36,13.13,22.5726459,88.3638953
Kolkata,2019-10,1784.65,2985.13,538.0,930.12,23.3,22.5726459,88.3638953
Kolkata,2019-11,2616.9900000000002,5338.19,1563.43,1581.37,37.32,22.5726459,88.3638953
Kolkata,2019-12,2824.8,5724.35,1222.72,1516.75,36.65,22.5726459,88.3638953
Kolkata,2020-01,2922.67,5678.11,1876.39,1714.16,38.07,22.5726459,88.3638953
Kolkata,2020-02,2440.13,4965.79,1337.4,1742.2,25.3,22.5726459,88.3638953
Kolkata,2020-03,1596.21,2957.28,416.28,912.79,21.25,22.5726459,88.3638953
Kolkata,2020-04,732.62,1402.42,132.07,301.49,11.51,22.5726459,88.3638953
Kolkata,2020-05,499.17,1175.28,108.4,228.72,10.34,22.5726459,88.3638953
Kolkata,2020-06,409.29,1042.82,147.86,311.19,10.9,22.5726459,88.3638953
Kolkata,2020-07,10.53,31.58,6.25,10.01,0.3,22.5726459,88.3638953
Lucknow,2015-01,0.0,0.0,129.22,470.38,374.26,26.8381,80.9346001
Lucknow,2015-02,0.0,0.0,146.53,635.08,373.59,26.8381,80.9346001
Lucknow,2015-03,2415.21,0.0,313.39,738.2,173.86,26.8381,80.9346001
Lucknow,2015-04,1389.9,0.0,295.90999999999997,709.3000000000001,69.67999999999999,26.8381,80.9346001
Lucknow,2015-05,1212.1,0.0,91.56,441.85,81.94,26.8381,80.9346001
Lucknow,2015-06,1582.11,0.0,74.48,326.93,95.64,26.8381,80.9346001
Lucknow,2015-07,954.36,0.0,129.96,276.88,145.35999999999999,26.8381,80.9346001
Lucknow,2015-08,1356.94,0.0,159.2,267.29,52.96,26.8381,80.9346001
Lucknow,2015-09,1704.76,0.0,135.14000000000001,291.36,49.71,26.8381,80.9346001
Lucknow,2015-10,3256.9,0.0,390.28000000000003,495.62,169.22,26.8381,80.9346001
Lucknow,2015-11,7463.5,0.0,469.06,729.16,125.22,26.8381,80.9346001
Lucknow,2015-12,7412.610000000001,0.0,605.4,705.78,99.52,26.8381,80.9346001
Lucknow,2016-01,6232.72,0.0,201.62,379.8,86.64,26.8381,80.9346001
Lucknow,2016-02,4735.49,0.0,195.28,567.74,71.29,26.8381,80.9346001
Lucknow,2016-03,3010.46,0.0,330.26,1000.1899999999999,53.34,26.8381,80.9346001
Lucknow,2016-04,3098.3,0.0,292.23,1605.75,53.4,26.8381,80.9346001
Lucknow,2016-05,1345.07,0.0,100.84,772.89,25.18,26.8381,80.9346001
Lucknow,2016-06,2271.45,0.0,190.27,740.82,49.68,26.8381,80.9346001
Lucknow,2016-07,1558.29,0.0,204.55,672.01,43.29,26.8381,80.9346001
Lucknow,2016-08,1030.35,0.0,178.04,494.95,53.519999999999996,26.8381,80.9346001
Lucknow,2016-09,1256.94,0.0,232.3,714.45,101.68,26.8381,80.9346001
Lucknow,2016-10,3846.45,0.0,837.53,1694.3799999999999,57.79,26.8381,80.9346001
Lucknow,2016-11,7130.57,0.0,1535.2,2339.75,77.28,26.8381,80.9346001
Lucknow,2016-12,7277.95,0.0,1116.58,1622.15,60.43,26.8381,80.9346001
Lucknow,2017-01,5517.43,0.0,910.12,1416.78,63.65,26.8381,80.9346001
Lucknow,2017-02,3939.44,0.0,613.45,1055.21,57.87,26.8381,80.9346001
Lucknow,2017-03,3486.65,0.0,463.08,1099.59,57.82,26.8381,80.9346001
Lucknow,2017-04,3130.59,0.0,300.89,989.65,50.14,26.8381,80.9346001
Lucknow,2017-05,3625.46,0.0,326.73,1044.48,50.99,26.8381,80.9346001
Lucknow,2017-06,2589.55,0.0,194.61,575.71,55.98,26.8381,80.9346001
Lucknow,2017-07,1168.38,0.0,329.59000000000003,583.96,60.62,26.8381,80.9346001
Lucknow,2017-08,1419.21,0.0,364.66,962.29,51.87,26.8381,80.9346001
Lucknow,2017-09,1508.98,0.0,295.82,802.4,52.24,26.8381,80.9346001
Lucknow,2017-10,4138.89,0.0,842.25,1616.75,35.22,26.8381,80.9346001
Lucknow,2017-11,6942.6,0.0,1023.08,1713.05,43.05,26.8381,80.9346001
Lucknow,2017-12,6821.81,0.0,1063.03,1849.37,47.55,26.8381,80.9346001
Lucknow,2018-01,6846.47,0.0,831.63,1423.84,48.6,26.8381,80.9346001
Lucknow,2018-02,4587.07,0.0,678.06,1023.26,28.47,26.8381,80.9346001
Lucknow,2018-03,3450.55,0.0,478.5,1073.89,17.29,26.8381,80.9346001
Lucknow,2018-04,2586.91,0.0,671.27,1554.72,12.86,26.8381,80.9346001
Lucknow,2018-05,3975.59,0.0,487.35,1604.04,13.82,26.8381,80.9346001
Lucknow,2018-06,2519.54,0.0,233.98,818.79,22.7,26.8381,80.9346001
Lucknow,2018-07,1194.81,0.0,368.6,860.3,28.61,26.8381,80.9346001
Lucknow,2018-08,1511.83,0.0,379.75,918.0,24.44,26.8381,80.9346001
Lucknow,2018-09,1477.15,0.0,247.63,777.48,29.94,26.8381,80.9346001
Lucknow,2018-10,3823.33,0.0,800.9399999999999,1544.42,39.83,26.8381,80.9346001
Lucknow,2018-11,5828.07,0.0,1197.8700000000001,1876.75,60.9,26.8381,80.9346001
Lucknow,2018-12,5723.3,0.0,994.1800000000001,1751.34,53.089999999999996,26.8381,80.9346001
Lucknow,2019-01,5203.03,0.0,1036.61,1425.12,34.13,26.8381,80.9346001
Lucknow,2019-02,3270.05,0.0,595.0500000000001,1176.27,32.04,26.8381,80.9346001
Lucknow,2019-03,3111.83,0.0,294.59999999999997,1318.8,41.08,26.8381,80.9346001
Lucknow,2019-04,3093.12,0.0,262.15999999999997,1223.89,41.77,26.8381,80.9346001
Lucknow,2019-05,2535.52,0.0,256.65,782.61,39.52,26.8381,80.9346001
Lucknow,2019-06,2326.42,0.0,246.15,709.41,30.4,26.8381,80.9346001
Lucknow,2019-07,1227.78,0.0,283.25,719.41,33.67,26.8381,80.9346001
Lucknow,2019-08,1023.25,0.0,237.03,632.92,43.52,26.8381,80.9346001
Lucknow,2019-09,933.44,0.0,239.69,584.03,31.62,26.8381,80.9346001
Lucknow,2019-10,3112.67,0.0,590.88,1246.78,37.61,26.8381,80.9346001
Lucknow,2019-11,5298.32,0.0,722.45,1655.77,38.2,26.8381,80.9346001
Lucknow,2019-12,4666.93,0.0,697.6800000000001,1381.3,45.54,26.8381,80.9346001
Lucknow,2020-01,4224.6,0.0,913.11,2080.62,54.15,26.8381,80.9346001
Lucknow,2020-02,2984.32,0.0,491.63,1301.65,38.9,26.8381,80.9346001
Lucknow,2020-03,1993.34,0.0,389.71000000000004,735.29,33.5,26.8381,80.9346001
Lucknow,2020-04,1644.92,0.0,118.85,486.57,29.64,26.8381,80.9346001
Lucknow,2020-05,1786.32,0.0,174.72,455.67,30.15,26.8381,80.9346001
Lucknow,2020-06,1397.84,0.0,227.54,430.81,31.98,26.8381,80.9346001
Lucknow,2020-07,34.97,0.0,8.5,14.44,0.73,26.8381,80.9346001
Mumbai,2015-01,0.0,0.0,0.0,0.0,0.0,19.0785451,72.878176
Mumbai,2015-02,0.0,0.0,0.0,0.0,0.0,19.0785451,72.878176
Mumbai,2015-03,0.0,0.0,0.0,0.0,0.0,19.0785451,72.878176
Mumbai,2015-04,0.0,0.0,0.0,0.0,0.0,19.0785451,72.878176
Mumbai,2015-05,0.0,0.0,0.0,0.0,0.0,19.0785451,72.878176
Mumbai,2015-06,0.0,0.0,0.0,0.0,0.0,19.0785451,72.878176
Mumbai,2015-07,0.0,0.0,0.0,0.0,0.0,19.0785451,72.878176
Mumbai,2015-08,0.0,0.0,0.0,0.0,0.0,19.0785451,72.878176
Mumbai,2015-09,0.0,0.0,0.0,0.0,0.0,19.0785451,72.878176
Mumbai,2015-10,0.0,0.0,0.0,0.0,0.0,19.0785451,72.878176
Mumbai,2015-11,0.0,0.0,0.0,0.0,0.0,19.0785451,72.878176
Mumbai,2015-12,0.0,0.0,0.0,0.0,0.0,19.0785451,72.878176
Mumbai,2016-01,0.0,0.0,0.0,0.0,0.0,19.0785451,72.878176
Mumbai,2016-02,0.0,0.0,0.0,0.0,0.0,19.0785451,72.878176
Mumbai,2016-03,0.0,0.0,0.0,0.0,0.0,19.0785451,72.878176
Mumbai,2016-04,0.0,0.0,0.0,0.0,0.0,19.0785451,72.878176
Mumbai,2016-05,0.0,0.0,0.0,0.0,0.0,19.0785451,72.878176
Mumbai,2016-06,0.0,0.0,0.0,0.0,0.0,19.0785451,72.878176
Mumbai,2016-07,0.0,0.0,0.0,0.0,0.0,19.0785451,72.878176
Mumbai,2016-08,0.0,0.0,0.0,0.0,0.0,19.0785451,72.878176
Mumbai,2016-09,0.0,0.0,0.0,0.0,0.0,19.0785451,72.878176
Mumbai,2016-10,0.0,0.0,0.0,0.0,0.0,19.0785451,72.878176
Mumbai,2016-11,0.0,0.0,0.0,0.0,0.0,19.0785451,72.878176
Mumbai,2016-12,0.0,0.0,0.0,0.0,0.0,19.0785451,72.878176
Mumbai,2017-01,0.0,0.0,0.0,0.0,0.0,19.0785451,72.878176
Mumbai,2017-02,0.0,0.0,0.0,0.0,0.0,19.0785451,72.878176
Mumbai,2017-03,0.0,0.0,0.0,0.0,0.0,19.0785451,72.878176
Mumbai,2017-04,0.0,0.0,0.0,0.0,0.0,19.0785451,72.878176
Mumbai,2017-05,0.0,0.0,0.0,0.0,0.0,19.0785451,72.878176
Mumbai,2017-06,0.0,0.0,0.0,0.0,0.0,19.0785451,72.878176
Mumbai,2017-07,0.0,0.0,0.0,0.0,0.0,19.0785451,72.878176
Mumbai,2017-08,0.0,0.0,0.0,0.0,0.0,19.0785451,72.878176
Mumbai,2017-09,0.0,0.0,0.0,0.0,0.0,19.0785451,72.878176
Mumbai,2017-10,0.0,0.0,0.0,0.0,0.0,19.0785451,72.878176
Mumbai,2017-11,0.0,0.0,0.0,0.0,0.0,19.0785451,72.878176
Mumbai,2017-12,0.0,0.0,0.0,0.0,0.0,19.0785451,72.878176
Mumbai,2018-01,0.0,0.0,298.89,0.0,46.050000000000004,19.0785451,72.878176
Mumbai,2018-02,0.0,0.0,718.5699999999999,8.94,39.19,19.0785451,72.878176
Mumbai,2018-03,0.0,0.0,200.42000000000002,0.0,48.69,19.0785451,72.878176
Mumbai,2018-04,25.5,58.53,92.44,20.08,32.18,19.0785451,72.878176
Mumbai,2018-05,537.5,1371.5,395.51,408.3,32.42,19.0785451,72.878176
Mumbai,2018-06,566.57,948.68,355.37,235.87,39.339999999999996,19.0785451,72.878176
Mumbai,2018-07,491.21,1880.01,488.25,546.71,37.41,19.0785451,72.878176
Mumbai,2018-08,678.91,1881.55,465.17,764.28,36.5,19.0785451,72.878176
Mumbai,2018-09,868.6,2185.58,852.37,789.93,44.92,19.0785451,72.878176
Mumbai,2018-10,1331.0,3611.2999999999997,1065.58,815.4,57.339999999999996,19.0785451,72.878176
Mumbai,2018-11,1698.54,4376.89,1643.8,1341.15,69.19,19.0785451,72.878176
Mumbai,2018-12,2022.0,5153.45,1537.15,1742.12,67.09,19.0785451,72.878176
Mumbai,2019-01,2041.07,6023.67,1610.57,1487.22,81.62,19.0785451,72.878176
Mumbai,2019-02,1530.56,4459.33,1299.56,723.52,63.66,19.0785451,72.878176
Mumbai,2019-03,942.73,3728.11,1502.71,479.74,53.52,19.0785451,72.878176
Mumbai,2019-04,617.09,2335.11,1114.27,677.21,54.27,19.0785451,72.878176
Mumbai,2019-05,480.26,2022.85,929.12,423.06,51.56,19.0785451,72.878176
Mumbai,2019-06,440.58,1743.23,706.39,401.21,18.65,19.0785451,72.878176
Mumbai,2019-07,384.56,1407.48,782.08,397.91,14.74,19.0785451,72.878176
Mumbai,2019-08,409.46,1587.41,674.35,307.16,15.7,19.0785451,72.878176
Mumbai,2019-09,369.95,1127.5,591.26,425.15999999999997,16.81,19.0785451,72.878176
Mumbai,2019-10,1090.95,2369.62,779.71,771.88,29.7,19.0785451,72.878176
Mumbai,2019-11,1833.81,3551.2799999999997,632.41,1166.79,28.57,19.0785451,72.878176
Mumbai,2019-12,2537.93,4657.14,829.3199999999999,1232.21,33.81,19.0785451,72.878176
Mumbai,2020-01,2258.99,4682.49,973.4,1207.91,31.75,19.0785451,72.878176
Mumbai,2020-02,1942.06,4632.05,984.28,1385.6599999999999,30.36,19.0785451,72.878176
Mumbai,2020-03,1014.19,3301.71,661.78,730.46,18.77,19.0785451,72.878176
Mumbai,2020-04,685.49,1987.95,414.26,232.71,13.53,19.0785451,72.878176
Mumbai,2020-05,454.96000000000004,1665.21,597.46,241.03,8.88,19.0785451,72.878176
Mumbai,2020-06,337.23,1055.57,563.75,350.55,11.040000000000001,19.0785451,72.878176
Mumbai,2020-07,3.84,11.28,27.64,5.57,0.37,19.0785451,72.878176
Patna,2015-06,0.0,0.0,585.1899999999999,556.47,43.46,25.6093239,85.1235252
Patna,2015-07,0.0,0.0,617.8,422.61,57.61,25.6093239,85.1235252
Patna,2015-08,0.0,0.0,660.51,486.69,45.55,25.6093239,85.1235252
Patna,2015-09,0.0,0.0,812.45,556.67,37.44,25.6093239,85.1235252
Patna,2015-10,2910.1,0.0,1510.43,727.07,40.03,25.6093239,85.1235252
Patna,2015-11,6667.93,0.0,2446.49,925.05,67.18,25.6093239,85.1235252
Patna,2015-12,8645.2,0.0,2402.89,1191.36,85.46,25.6093239,85.1235252
Patna,2016-01,9144.47,0.0,2420.32,1139.46,87.25,25.6093239,85.1235252
Patna,2016-02,4226.71,0.0,1211.63,770.06,39.96,25.6093239,85.1235252
Patna,2016-03,3383.42,0.0,657.14,689.99,44.61,25.6093239,85.1235252
Patna,2016-04,2359.61,0.0,600.27,307.47,41.63,25.6093239,85.1235252
Patna,2016-05,2750.5099999999998,0.0,491.86,511.56,45.58,25.6093239,85.1235252
Patna,2016-06,1850.7,0.0,512.96,595.39,42.71,25.6093239,85.1235252
Patna,2016-07,1359.19,0.0,788.97,580.17,43.02,25.6093239,85.1235252
Patna,2016-08,1582.55,0.0,593.33,536.79,37.12,25.6093239,85.1235252
Patna,2016-09,1844.83,0.0,763.28,545.12,38.15,25.6093239,85.1235252
Patna,2016-10,4116.78,0.0,626.53,696.35,42.18,25.6093239,85.1235252
Patna,2016-11,7515.39,0.0,1265.95,1020.46,60.12,25.6093239,85.1235252
Patna,2016-12,7985.89,0.0,1540.31,890.44,84.41,25.6093239,85.1235252
Patna,2017-01,6377.94,0.0,1571.29,1209.09,63.72,25.6093239,85.1235252
Patna,2017-02,2105.77,0.0,725.77,718.33,21.66,25.6093239,85.1235252
Patna,2017-03,3450.15,0.0,1352.31,1517.91,47.11,25.6093239,85.1235252
Patna,2017-04,1665.57,0.0,43.83,104.22,16.84,25.6093239,85.1235252
Patna,2017-05,0.0,0.0,0.0,0.0,0.0,25.6093239,85.1235252
Patna,2017-06,0.0,0.0,0.0,0.0,0.0,25.6093239,85.1235252
Patna,2017-07,0.0,0.0,0.0,0.0,0.0,25.6093239,85.1235252
Patna,2017-08,0.0,0.0,0.0,0.0,0.0,25.6093239,85.1235252
Patna,2017-09,316.93,0.0,101.56,132.78,1.35,25.6093239,85.1235252
Patna,2017-10,2533.16,0.0,698.61,1236.69,13.87,25.6093239,85.1235252
Patna,2017-11,5815.75,0.0,2019.6100000000001,3648.8,55.14,25.6093239,85.1235252
Patna,2017-12,7933.08,0.0,1262.8600000000001,2140.33,81.75999999999999,25.6093239,85.1235252
Patna,2018-01,6627.55,0.0,1172.12,1679.26,75.87,25.6093239,85.1235252
Patna,2018-02,4171.53,0.0,357.26,887.57,44.95,25.6093239,85.1235252
Patna,2018-03,3706.1600000000003,0.0,372.55,1074.75,49.56,25.6093239,85.1235252
Patna,2018-04,2692.38,0.0,312.92,882.03,35.83,25.6093239,85.1235252
Patna,2018-05,2196.14,0.0,357.32,1487.99,34.06,25.6093239,85.1235252
Patna,2018-06,2000.51,0.0,384.93,2096.6,28.16,25.6093239,85.1235252
Patna,2018-07,1373.94,0.0,570.92,2120.14,30.74,25.6093239,85.1235252
Patna,2018-08,1656.67,0.0,791.0,2079.96,40.160000000000004,25.6093239,85.1235252
Patna,2018-09,1897.87,0.0,441.95,1705.89,25.21,25.6093239,85.1235252
Patna,2018-10,3349.71,0.0,469.51,1064.34,50.86,25.6093239,85.1235252
Patna,2018-11,6263.33,0.0,577.47,516.82,68.81,25.6093239,85.1235252
Patna,2018-12,8128.860000000001,0.0,749.01,1065.0,74.12,25.6093239,85.1235252
Patna,2019-01,8105.34,0.0,970.04,1275.55,57.84,25.6093239,85.1235252
Patna,2019-02,3962.94,0.0,593.95,1237.52,46.21,25.6093239,85.1235252
Patna,2019-03,2691.51,0.0,483.68,1617.97,50.34,25.6093239,85.1235252
Patna,2019-04,1626.15,0.0,441.11,1430.23,36.31,25.6093239,85.1235252
Patna,2019-05,1749.58,0.0,291.59,306.54,41.48,25.6093239,85.1235252
Patna,2019-06,1361.18,0.0,320.03,1302.8700000000001,37.72,25.6093239,85.1235252
Patna,2019-07,997.79,0.0,416.99,1245.22,39.53,25.6093239,85.1235252
Patna,2019-08,1066.15,0.0,542.15,1175.04,49.06,25.6093239,85.1235252
Patna,2019-09,1184.97,0.0,784.52,1841.86,38.74,25.6093239,85.1235252
Patna,2019-10,3057.9,0.0,479.85,1039.61,51.01,25.6093239,85.1235252
Patna,2019-11,6054.33,0.0,1372.82,1847.11,57.93,25.6093239,85.1235252
Patna,2019-12,6131.3,1578.9,837.14,907.56,61.019999999999996,25.6093239,85.1235252
Patna,2020-01,3902.24,5287.17,1763.05,1080.7,59.95,25.6093239,85.1235252
Patna,2020-02,2460.62,4909.55,1943.35,1492.04,33.83,25.6093239,85.1235252
Patna,2020-03,1993.94,4388.2,1651.31,1599.8,39.44,25.6093239,85.1235252
Patna,2020-04,1179.7,2983.98,1799.18,790.88,35.48,25.6093239,85.1235252
Patna,2020-05,981.71,3136.46,1897.46,591.4,16.61,25.6093239,85.1235252
Patna,2020-06,668.24,1866.78,1224.8999999999999,673.8199999999999,21.27,25.6093239,85.1235252
Patna,2020-07,35.42,57.82,44.5,31.15,0.82,25.6093239,85.1235252
Shillong,2019-08,99.62,141.11,6.51,17.62,1.58,25.5760446,91.8825282
Shillong,2019-09,2375.62,2812.38,38.46,108.05,8.35,25.5760446,91.8825282
Shillong,2019-10,393.26,743.09,22.91,71.0,8.86,25.5760446,91.8825282
Shillong,2019-11,102.76,119.21000000000001,6.04,18.91,1.56,25.5760446,91.8825282
Shillong,2019-12,271.93,245.46,18.77,59.1,5.86,25.5760446,91.8825282
Shillong,2020-01,917.7,1075.67,23.66,76.35,9.88,25.5760446,91.8825282
Shillong,2020-02,1314.05,1775.6,23.48,79.8,11.01,25.5760446,91.8825282
Shillong,2020-03,1115.96,1681.8600000000001,27.32,81.71,8.23,25.5760446,91.8825282
Shillong,2020-04,150.81,284.74,4.41,12.8,0.86,25.5760446,91.8825282
Shillong,2020-05,494.88,759.5600000000001,28.14,80.25,5.41,25.5760446,91.8825282
Shillong,2020-06,329.41,501.92,29.52,82.2,4.69,25.5760446,91.8825282
Shillong,2020-07,16.7,29.4,0.97,2.7,0.1,25.5760446,91.8825282
Talcher,2017-12,0.0,0.0,0.0,0.0,13.84,20.9458183,85.2111736
Talcher,2018-01,0.0,0.0,0.0,0.37,7.57,20.9458183,85.2111736
Talcher,2018-02,3498.4,7601.07,1014.45,1076.67,41.88,20.9458183,85.2111736
Talcher,2018-03,3506.61,7071.02,1553.15,681.28,51.79,20.9458183,85.2111736
Talcher,2018-04,1166.92,2665.85,809.29,286.58,55.08,20.9458183,85.2111736
Talcher,2018-05,1590.38,3579.55,646.3,415.42,55.28,20.9458183,85.2111736
Talcher,2018-06,831.81,2769.89,167.70999999999998,116.05,42.72,20.9458183,85.2111736
Talcher,2018-07,664.55,3157.63,867.22,85.33,58.35,20.9458183,85.2111736
Talcher,2018-08,460.03000000000003,1226.6,409.53,32.1,33.84,20.9458183,85.2111736
Talcher,2018-09,0.0,1.32,0.0,534.33,0.0,20.9458183,85.2111736
Talcher,2018-10,794.99,258.87,1915.24,1214.98,41.69,20.9458183,85.2111736
Talcher,2018-11,2415.7599999999998,10337.539999999999,1420.51,159.64,49.13,20.9458183,85.2111736
Talcher,2018-12,2743.39,6726.58,725.37,62.54,80.96,20.9458183,85.2111736
Talcher,2019-01,3271.69,10191.13,554.55,96.78,86.34,20.9458183,85.2111736
Talcher,2019-02,2140.82,10398.85,975.94,3.79,81.03,20.9458183,85.2111736
Talcher,2019-03,1304.85,5634.54,876.58,125.49,63.86,20.9458183,85.2111736
Talcher,2019-04,1195.48,4662.43,775.76,437.43,39.47,20.9458183,85.2111736
Talcher,2019-05,1013.98,4293.08,597.55,360.97,32.31,20.9458183,85.2111736
Talcher,2019-06,715.48,2951.19,925.12,221.07,37.44,20.9458183,85.2111736
Talcher,2019-07,673.2,2659.48,1117.75,166.07,47.1,20.9458183,85.2111736
Talcher,2019-08,666.49,1629.32,832.41,241.18,61.17,20.9458183,85.2111736
Talcher,2019-09,486.86,1268.54,967.7,163.82999999999998,31.4,20.9458183,85.2111736
Talcher,2019-10,665.98,1256.78,683.91,207.98,34.05,20.9458183,85.2111736
Talcher,2019-11,1751.68,5704.12,849.1700000000001,189.37,52.25,20.9458183,85.2111736
Talcher,2019-12,3219.92,7757.87,916.91,1014.42,51.01,20.9458183,85.2111736
Talcher,2020-01,4867.2,8631.77,378.73,445.13,50.95,20.9458183,85.2111736
Talcher,2020-02,2507.32,4183.1,321.04,144.62,43.76,20.9458183,85.2111736
Talcher,2020-03,1159.43,2213.41,690.98,142.88,52.24,20.9458183,85.2111736
Talcher,2020-04,649.75,1866.83,567.81,242.0,65.32,20.9458183,85.2111736
Talcher,2020-05,949.83,2042.84,603.29,510.96,47.12,20.9458183,85.2111736
Talcher,2020-06,563.77,894.18,259.07,293.5,25.21,20.9458183,85.2111736
Talcher,2020-07,24.85,31.06,27.73,29.36,1.52,20.9458183,85.2111736
Thiruvananthapuram,2017-06,208.73,346.62,21.74,72.0,7.76,8.4882267,76.947551
Thiruvananthapuram,2017-07,501.33,1287.47,57.059999999999995,165.76,17.7,8.4882267,76.947551
Thiruvananthapuram,2017-08,516.69,1282.26,58.5,199.78,29.39,8.4882267,76.947551
Thiruvananthapuram,2017-09,420.8,1011.12,58.98,163.57999999999998,28.99,8.4882267,76.947551
Thiruvananthapuram,2017-10,258.85,456.65999999999997,18.48,80.15,3.79,8.4882267,76.947551
Thiruvananthapuram,2017-11,1135.85,1655.33,58.58,337.25,36.97,8.4882267,76.947551
Thiruvananthapuram,2017-12,1309.8899999999999,1934.21,59.589999999999996,206.32,36.67,8.4882267,76.947551
Thiruvananthapuram,2018-01,2106.61,2978.56,57.28,445.4,42.22,8.4882267,76.947551
Thiruvananthapuram,2018-02,1328.09,2243.04,46.15,454.97,26.490000000000002,8.4882267,76.947551
Thiruvananthapuram,2018-03,1176.66,2129.42,51.61,409.41,37.64,8.4882267,76.947551
Thiruvananthapuram,2018-04,792.78,1589.94,72.86,361.72,27.63,8.4882267,76.947551
Thiruvananthapuram,2018-05,588.72,1162.72,93.59,326.93,27.57,8.4882267,76.947551
Thiruvananthapuram,2018-06,436.49,1134.22,93.05,333.45,24.25,8.4882267,76.947551
Thiruvananthapuram,2018-07,459.94,1256.51,93.66,259.9,24.85,8.4882267,76.947551
Thiruvananthapuram,2018-08,396.96,1114.92,89.71,186.79,38.92,8.4882267,76.947551
Thiruvananthapuram,2018-09,592.11,1405.89,83.25,204.65,24.37,8.4882267,76.947551
Thiruvananthapuram,2018-10,878.86,1564.52,91.4,234.59,33.04,8.4882267,76.947551
Thiruvananthapuram,2018-11,1344.19,2002.01,122.13,214.38,40.64,8.4882267,76.947551
Thiruvananthapuram,2018-12,1727.1,2621.55,106.81,233.99,80.97,8.4882267,76.947551
Thiruvananthapuram,2019-01,1861.16,2932.07,62.89,298.77,14.52,8.4882267,76.947551
Thiruvananthapuram,2019-02,1058.56,1900.6200000000001,26.82,219.0,20.79,8.4882267,76.947551
Thiruvananthapuram,2019-03,1081.74,2417.73,27.96,180.24,23.12,8.4882267,76.947551
Thiruvananthapuram,2019-04,749.11,1644.77,38.57,164.65,25.99,8.4882267,76.947551
Thiruvananthapuram,2019-05,708.56,1973.26,43.01,154.86,29.95,8.4882267,76.947551
Thiruvananthapuram,2019-06,253.17,760.97,20.57,66.5,13.14,8.4882267,76.947551
Thiruvananthapuram,2019-07,370.3,1020.15,31.33,113.25,24.490000000000002,8.4882267,76.947551
Thiruvananthapuram,2019-08,378.22,936.58,30.13,111.58,20.54,8.4882267,76.947551
Thiruvananthapuram,2019-09,391.74,842.08,27.8,102.47,28.69,8.4882267,76.947551
Thiruvananthapuram,2019-10,476.01,821.85,23.88,112.87,28.58,8.4882267,76.947551
Thiruvananthapuram,2019-11,652.36,1295.74,145.47,317.49,40.52,8.4882267,76.947551
Thiruvananthapuram,2019-12,924.08,1706.19,363.63,682.4,45.8,8.4882267,76.947551
Thiruvananthapuram,2020-01,1114.11,2005.0900000000001,313.38,726.78,30.81,8.4882267,76.947551
Thiruvananthapuram,2020-02,1200.83,2012.93,246.74,653.17,27.9,8.4882267,76.947551
Thiruvananthapuram,2020-03,893.27,1730.17,223.63,457.75,31.92,8.4882267,76.947551
Thiruvananthapuram,2020-04,569.62,1207.15,161.59,236.39,14.46,8.4882267,76.947551
Thiruvananthapuram,2020-05,516.31,1211.15,359.85,313.31,16.05,8.4882267,76.947551
Thiruvananthapuram,2020-06,617.38,1145.1,251.47,335.09,15.16,8.4882267,76.947551
Thiruvananthapuram,2020-07,2.0,35.0,1.68,2.3,0.42,8.4882267,76.947551
Visakhapatnam,2016-07,793.53,2301.44,461.24,1220.21,28.810000000000002,17.7231276,83.3012842
Visakhapatnam,2016-08,836.95,2491.74,433.62,1018.4499999999999,28.47,17.7231276,83.3012842
Visakhapatnam,2016-09,1101.96,2151.5099999999998,519.95,984.11,25.14,17.7231276,83.3012842
Visakhapatnam,2016-10,1544.95,2713.29,534.26,1328.52,29.59,17.7231276,83.3012842
Visakhapatnam,2016-11,1813.02,2933.76,490.6,1562.18,40.53,17.7231276,83.3012842
Visakhapatnam,2016-12,1849.66,3059.93,526.26,1435.25,41.38,17.7231276,83.3012842
Visakhapatnam,2017-01,2122.64,3472.46,501.8,1290.27,39.19,17.7231276,83.3012842
Visakhapatnam,2017-02,2115.55,4050.75,530.36,1138.22,32.84,17.7231276,83.3012842
Visakhapatnam,2017-03,1263.41,2795.32,481.75,723.69,30.25,17.7231276,83.3012842
Visakhapatnam,2017-04,403.36,998.98,180.86,184.38,17.15,17.7231276,83.3012842
Visakhapatnam,2017-05,0.0,0.0,0.0,0.0,0.0,17.7231276,83.3012842
Visakhapatnam,2017-06,0.0,0.0,0.0,0.0,0.0,17.7231276,83.3012842
Visakhapatnam,2017-07,0.0,0.0,0.0,0.0,0.0,17.7231276,83.3012842
Visakhapatnam,2017-08,0.0,0.0,0.0,0.0,0.0,17.7231276,83.3012842
Visakhapatnam,2017-09,0.0,0.0,0.0,0.0,0.0,17.7231276,83.3012842
Visakhapatnam,2017-10,365.0,876.5600000000001,24.99,0.0,4.13,17.7231276,83.3012842
Visakhapatnam,2017-11,1247.58,2444.48,155.28,462.14,25.97,17.7231276,83.3012842
Visakhapatnam,2017-12,2490.9700000000003,4451.8,434.73,1411.76,35.45,17.7231276,83.3012842
Visakhapatnam,2018-01,2766.18,5457.42,748.5,1580.43,38.48,17.7231276,83.3012842
Visakhapatnam,2018-02,1885.85,4547.1,546.49,1163.75,22.65,17.7231276,83.3012842
Visakhapatnam,2018-03,1600.24,3628.68,273.79,1333.55,22.41,17.7231276,83.3012842
Visakhapatnam,2018-04,741.67,2197.83,285.27,861.87,16.52,17.7231276,83.3012842
Visakhapatnam,2018-05,660.94,2297.98,294.35,916.73,14.2,17.7231276,83.3012842
Visakhapatnam,2018-06,984.83,2949.18,145.03,1176.8799999999999,14.77,17.7231276,83.3012842
Visakhapatnam,2018-07,1037.5,3020.11,353.16,1210.86,16.59,17.7231276,83.3012842
Visakhapatnam,2018-08,1072.3600000000001,2823.0,448.77,1142.15,21.580000000000002,17.7231276,83.3012842
Visakhapatnam,2018-09,1347.72,3209.64,418.88,1123.32,24.88,17.7231276,83.3012842
Visakhapatnam,2018-10,1972.46,4414.88,374.82,1314.93,20.830000000000002,17.7231276,83.3012842
Visakhapatnam,2018-11,1156.48,2172.25,185.75,512.29,14.46,17.7231276,83.3012842
Visakhapatnam,2018-12,2173.18,3645.7,230.1,1066.77,20.580000000000002,17.7231276,83.3012842
Visakhapatnam,2019-01,3461.16,6583.76,573.84,1911.94,34.17,17.7231276,83.3012842
Visakhapatnam,2019-02,1768.91,3866.19,491.33,1209.71,23.96,17.7231276,83.3012842
Visakhapatnam,2019-03,950.69,2945.35,390.19,1065.21,22.39,17.7231276,83.3012842
Visakhapatnam,2019-04,792.03,2688.46,426.52,861.73,22.41,17.7231276,83.3012842
Visakhapatnam,2019-05,1288.01,4272.07,268.45,922.7,25.71,17.7231276,83.3012842
Visakhapatnam,2019-06,1126.21,3337.97,282.28,1276.6,24.55,17.7231276,83.3012842
Visakhapatnam,2019-07,955.05,3069.23,409.09,1199.3799999999999,22.91,17.7231276,83.3012842
Visakhapatnam,2019-08,935.37,2585.22,378.05,680.9,24.94,17.7231276,83.3012842
Visakhapatnam,2019-09,638.17,1799.07,552.01,814.19,22.29,17.7231276,83.3012842
Visakhapatnam,2019-10,955.65,2414.16,613.36,1192.79,25.32,17.7231276,83.3012842
Visakhapatnam,2019-11,2141.2799999999997,3962.71,305.34000000000003,1230.78,27.77,17.7231276,83.3012842
Visakhapatnam,2019-12,1712.1100000000001,2219.21,264.57,1029.68,30.25,17.7231276,83.3012842
Visakhapatnam,2020-01,1845.48,3773.37,322.69,1090.45,34.160000000000004,17.7231276,83.3012842
Visakhapatnam,2020-02,1305.66,2764.75,160.84,1003.06,29.44,17.7231276,83.3012842
Visakhapatnam,2020-03,906.85,2384.29,173.63,926.9,22.3,17.7231276,83.3012842
Visakhapatnam,2020-04,466.62,1499.19,320.53000000000003,784.95,3.08,17.7231276,83.3012842
Visakhapatnam,2020-05,551.67,2128.69,81.4,692.28,6.1,17.7231276,83.3012842
Visakhapatnam,2020-06,702.65,2430.88,141.83,1069.72,19.19,17.7231276,83.3012842
Visakhapatnam,2020-07,15.0,66.0,0.4,26.85,0.59,17.7231276,83.3012842
